support,itemsets,itemset_len
0.0012091898428053204,"frozenset({'DOM:www.youtube.com', 'CH:UC16niRr50-MSBwiO3YDb3RA', 'CH:UCeY0bbntWzzVIaj2z3QigXg', 'CH:UCBi2mrWuNuyYy4gbM6fU18Q', 'CH:UCupvZG-5ko_eiXAupbDfxWw'})",5
0.0012091898428053204,"frozenset({'CH:UCeY0bbntWzzVIaj2z3QigXg', 'CH:UC52X5wxOL_s5yw0dQk7NtgA', 'CH:UC2x_qNZXKDxNP1j4jvHATRQ', 'CH:UCuFFtHWoLl5fauMMD5Ww2jA', 'CH:UC5T7D-Dh1eDGtsAFCuwv_Sw'})",5
0.0012091898428053204,"frozenset({'CH:UCoMdktPbSTixAyNGwb-UYkQ', 'CH:UCeY0bbntWzzVIaj2z3QigXg', 'CH:UC_vFLohxs5PkAxlk7Y6jEtw', 'CH:UCx6h-dWzJ5NpAlja1YsApdg', 'CH:UCXIJgqnII2ZOINSWNOGFThA'})",5
0.0024183796856106408,"frozenset({'CH:UCBi2mrWuNuyYy4gbM6fU18Q', 'CH:UCupvZG-5ko_eiXAupbDfxWw', 'CH:UC16niRr50-MSBwiO3YDb3RA', 'CH:UCeY0bbntWzzVIaj2z3QigXg'})",4
0.0012091898428053204,"frozenset({'CH:UCeY0bbntWzzVIaj2z3QigXg', 'CH:UCIRYBXDze5krPDzAEOxFGVA', 'CH:UC16niRr50-MSBwiO3YDb3RA', 'CH:UCBi2mrWuNuyYy4gbM6fU18Q'})",4
0.0012091898428053204,"frozenset({'CH:UCBi2mrWuNuyYy4gbM6fU18Q', 'CH:UCoMdktPbSTixAyNGwb-UYkQ', 'CH:UC16niRr50-MSBwiO3YDb3RA', 'CH:UCPgLNge0xqQHWM5B5EFH9Cg'})",4
0.0012091898428053204,"frozenset({'CH:UCBi2mrWuNuyYy4gbM6fU18Q', 'DOM:www.youtube.com', 'CH:UC16niRr50-MSBwiO3YDb3RA', 'CH:UCeY0bbntWzzVIaj2z3QigXg'})",4
0.0012091898428053204,"frozenset({'CH:UCBi2mrWuNuyYy4gbM6fU18Q', 'DOM:www.youtube.com', 'CH:UCupvZG-5ko_eiXAupbDfxWw', 'CH:UC16niRr50-MSBwiO3YDb3RA'})",4
0.0012091898428053204,"frozenset({'CH:UCIjSUWHWp6KohfnR5OQTXnQ', 'CH:UC16niRr50-MSBwiO3YDb3RA', 'CH:UCPgLNge0xqQHWM5B5EFH9Cg', 'CH:UCxMXl9L79X1Mq_4iwCOyPFg'})",4
0.0012091898428053204,"frozenset({'CH:UCJy232tY_LUd1NuBgsSNUEA', 'CH:UC16niRr50-MSBwiO3YDb3RA', 'CH:UCSQ3jNVu8Zr_toI7NWzDwHw', 'CH:UCmYesELO6axBrCuSpf7S9DQ'})",4
0.0012091898428053204,"frozenset({'CH:UCeY0bbntWzzVIaj2z3QigXg', 'DOM:www.youtube.com', 'CH:UCupvZG-5ko_eiXAupbDfxWw', 'CH:UC16niRr50-MSBwiO3YDb3RA'})",4
0.0012091898428053204,"frozenset({'CH:UCeY0bbntWzzVIaj2z3QigXg', 'CH:UC52X5wxOL_s5yw0dQk7NtgA', 'CH:UC2x_qNZXKDxNP1j4jvHATRQ', 'CH:UC5T7D-Dh1eDGtsAFCuwv_Sw'})",4
0.0012091898428053204,"frozenset({'CH:UC52X5wxOL_s5yw0dQk7NtgA', 'CH:UC2x_qNZXKDxNP1j4jvHATRQ', 'CH:UCuFFtHWoLl5fauMMD5Ww2jA', 'CH:UC5T7D-Dh1eDGtsAFCuwv_Sw'})",4
0.0012091898428053204,"frozenset({'CH:UCeY0bbntWzzVIaj2z3QigXg', 'CH:UC52X5wxOL_s5yw0dQk7NtgA', 'CH:UC2x_qNZXKDxNP1j4jvHATRQ', 'CH:UCuFFtHWoLl5fauMMD5Ww2jA'})",4
0.0012091898428053204,"frozenset({'CH:UCeY0bbntWzzVIaj2z3QigXg', 'CH:UC5T7D-Dh1eDGtsAFCuwv_Sw', 'CH:UC2x_qNZXKDxNP1j4jvHATRQ', 'CH:UCuFFtHWoLl5fauMMD5Ww2jA'})",4
0.0012091898428053204,"frozenset({'CH:UCH1oRy1dINbMVp3UFWrKP0w', 'CH:UCBi2mrWuNuyYy4gbM6fU18Q', 'CH:UC2x_qNZXKDxNP1j4jvHATRQ', 'CH:UCVuFPbAjTi3mqpH-0veJRWg'})",4
0.0012091898428053204,"frozenset({'CH:UCeY0bbntWzzVIaj2z3QigXg', 'CH:UC52X5wxOL_s5yw0dQk7NtgA', 'CH:UC5T7D-Dh1eDGtsAFCuwv_Sw', 'CH:UCuFFtHWoLl5fauMMD5Ww2jA'})",4
0.0012091898428053204,"frozenset({'CH:UCaXkIU1QidjPwiAYu6GcHjg', 'CH:UCoMdktPbSTixAyNGwb-UYkQ', 'CH:UC9k-yiEpRHMNVOnOi_aQK8w', 'CH:UC52X5wxOL_s5yw0dQk7NtgA'})",4
0.0012091898428053204,"frozenset({'CH:UC52X5wxOL_s5yw0dQk7NtgA', 'CH:UCupvZG-5ko_eiXAupbDfxWw', 'CH:UCBi2mrWuNuyYy4gbM6fU18Q', 'CH:UCIRYBXDze5krPDzAEOxFGVA'})",4
0.0012091898428053204,"frozenset({'CH:UCrvhNP_lWuPIP6QZzJmM-bw', 'CH:UC52X5wxOL_s5yw0dQk7NtgA', 'CH:UCME81PohuzT1JMCsEtvsD2w', 'CH:UCPgLNge0xqQHWM5B5EFH9Cg'})",4
0.0012091898428053204,"frozenset({'CH:UCStCUMvCw067Nw5uSlbyDsw', 'CH:UCBi2mrWuNuyYy4gbM6fU18Q', 'CH:UC72nbKQLSDyiSARhg0Ywj4w', 'CH:UCCjG8NtOig0USdrT5D1FpxQ'})",4
0.0012091898428053204,"frozenset({'CH:UCH1oRy1dINbMVp3UFWrKP0w', 'CH:UC_vFLohxs5PkAxlk7Y6jEtw', 'CH:UCBi2mrWuNuyYy4gbM6fU18Q', 'CH:UChLtXXpo4Ge1ReTEboVvTDg'})",4
0.0012091898428053204,"frozenset({'CH:UCeY0bbntWzzVIaj2z3QigXg', 'DOM:www.youtube.com', 'CH:UCupvZG-5ko_eiXAupbDfxWw', 'CH:UCBi2mrWuNuyYy4gbM6fU18Q'})",4
0.0012091898428053204,"frozenset({'CH:UCoMdktPbSTixAyNGwb-UYkQ', 'CH:UCIRYBXDze5krPDzAEOxFGVA', 'CH:UCCjG8NtOig0USdrT5D1FpxQ', 'CH:UCXIJgqnII2ZOINSWNOGFThA'})",4
0.0012091898428053204,"frozenset({'CH:UCeY0bbntWzzVIaj2z3QigXg', 'CH:UCoMdktPbSTixAyNGwb-UYkQ', 'CH:UC_vFLohxs5PkAxlk7Y6jEtw', 'CH:UCXIJgqnII2ZOINSWNOGFThA'})",4
0.0012091898428053204,"frozenset({'CH:UCx6h-dWzJ5NpAlja1YsApdg', 'CH:UC_vFLohxs5PkAxlk7Y6jEtw', 'CH:UCeY0bbntWzzVIaj2z3QigXg', 'CH:UCXIJgqnII2ZOINSWNOGFThA'})",4
0.0012091898428053204,"frozenset({'CH:UCx6h-dWzJ5NpAlja1YsApdg', 'CH:UCoMdktPbSTixAyNGwb-UYkQ', 'CH:UC_vFLohxs5PkAxlk7Y6jEtw', 'CH:UCXIJgqnII2ZOINSWNOGFThA'})",4
0.0012091898428053204,"frozenset({'CH:UCx6h-dWzJ5NpAlja1YsApdg', 'CH:UCoMdktPbSTixAyNGwb-UYkQ', 'CH:UCeY0bbntWzzVIaj2z3QigXg', 'CH:UCXIJgqnII2ZOINSWNOGFThA'})",4
0.0012091898428053204,"frozenset({'CH:UCx6h-dWzJ5NpAlja1YsApdg', 'CH:UCoMdktPbSTixAyNGwb-UYkQ', 'CH:UC_vFLohxs5PkAxlk7Y6jEtw', 'CH:UCeY0bbntWzzVIaj2z3QigXg'})",4
0.0036275695284159614,"frozenset({'CH:UCBi2mrWuNuyYy4gbM6fU18Q', 'CH:UC16niRr50-MSBwiO3YDb3RA', 'CH:UCeY0bbntWzzVIaj2z3QigXg'})",3
0.0036275695284159614,"frozenset({'CH:UCBi2mrWuNuyYy4gbM6fU18Q', 'CH:UCupvZG-5ko_eiXAupbDfxWw', 'CH:UC16niRr50-MSBwiO3YDb3RA'})",3
0.0036275695284159614,"frozenset({'CH:UCeY0bbntWzzVIaj2z3QigXg', 'CH:UCupvZG-5ko_eiXAupbDfxWw', 'CH:UCBi2mrWuNuyYy4gbM6fU18Q'})",3
0.0024183796856106408,"frozenset({'CH:UCeY0bbntWzzVIaj2z3QigXg', 'CH:UCupvZG-5ko_eiXAupbDfxWw', 'CH:UC16niRr50-MSBwiO3YDb3RA'})",3
0.0024183796856106408,"frozenset({'CH:UCoMdktPbSTixAyNGwb-UYkQ', 'CH:UC16niRr50-MSBwiO3YDb3RA', 'CH:UCknLrEdhRCp1aegoMqRaCZg'})",3
0.0024183796856106408,"frozenset({'CH:UCoMdktPbSTixAyNGwb-UYkQ', 'CH:UCIRYBXDze5krPDzAEOxFGVA', 'CH:UCCjG8NtOig0USdrT5D1FpxQ'})",3
0.0024183796856106408,"frozenset({'CH:UCeY0bbntWzzVIaj2z3QigXg', 'CH:UCupvZG-5ko_eiXAupbDfxWw', 'CH:UCCjG8NtOig0USdrT5D1FpxQ'})",3
0.0024183796856106408,"frozenset({'CH:UCeY0bbntWzzVIaj2z3QigXg', 'CH:UCPgLNge0xqQHWM5B5EFH9Cg', 'DOM:youtu.be'})",3
0.0012091898428053204,"frozenset({'CH:UCBi2mrWuNuyYy4gbM6fU18Q', 'CH:UC52X5wxOL_s5yw0dQk7NtgA', 'CH:UC16niRr50-MSBwiO3YDb3RA'})",3
0.0012091898428053204,"frozenset({'CH:UCeY0bbntWzzVIaj2z3QigXg', 'CH:UC52X5wxOL_s5yw0dQk7NtgA', 'CH:UC16niRr50-MSBwiO3YDb3RA'})",3
0.0012091898428053204,"frozenset({'CH:UCO0akufu9MOzyz3nvGIXAAw', 'CH:UC16niRr50-MSBwiO3YDb3RA', 'CH:UC5T7D-Dh1eDGtsAFCuwv_Sw'})",3
0.0012091898428053204,"frozenset({'CH:UCoMdktPbSTixAyNGwb-UYkQ', 'CH:UC16niRr50-MSBwiO3YDb3RA', 'CH:UC5T7D-Dh1eDGtsAFCuwv_Sw'})",3
0.0012091898428053204,"frozenset({'CH:UCBi2mrWuNuyYy4gbM6fU18Q', 'CH:UCIRYBXDze5krPDzAEOxFGVA', 'CH:UC16niRr50-MSBwiO3YDb3RA'})",3
0.0012091898428053204,"frozenset({'CH:UCBi2mrWuNuyYy4gbM6fU18Q', 'CH:UC16niRr50-MSBwiO3YDb3RA', 'CH:UCPgLNge0xqQHWM5B5EFH9Cg'})",3
0.0012091898428053204,"frozenset({'CH:UCBi2mrWuNuyYy4gbM6fU18Q', 'CH:UCoMdktPbSTixAyNGwb-UYkQ', 'CH:UC16niRr50-MSBwiO3YDb3RA'})",3
0.0012091898428053204,"frozenset({'CH:UCBi2mrWuNuyYy4gbM6fU18Q', 'DOM:www.youtube.com', 'CH:UC16niRr50-MSBwiO3YDb3RA'})",3
0.0012091898428053204,"frozenset({'CH:UCupvZG-5ko_eiXAupbDfxWw', 'CH:UC16niRr50-MSBwiO3YDb3RA', 'CH:UCCj956IF62FbT7Gouszaj9w'})",3
0.0012091898428053204,"frozenset({'CH:UCIRYBXDze5krPDzAEOxFGVA', 'CH:UC16niRr50-MSBwiO3YDb3RA', 'CH:UCPgLNge0xqQHWM5B5EFH9Cg'})",3
0.0012091898428053204,"frozenset({'CH:UCIRYBXDze5krPDzAEOxFGVA', 'CH:UC16niRr50-MSBwiO3YDb3RA', 'CH:UC__2_0RJ8XnHt2angfw6S1Q'})",3
0.0012091898428053204,"frozenset({'CH:UCeY0bbntWzzVIaj2z3QigXg', 'CH:UCIRYBXDze5krPDzAEOxFGVA', 'CH:UC16niRr50-MSBwiO3YDb3RA'})",3
0.0012091898428053204,"frozenset({'CH:UCupvZG-5ko_eiXAupbDfxWw', 'CH:UC16niRr50-MSBwiO3YDb3RA', 'CH:UCIRYBXDze5krPDzAEOxFGVA'})",3
0.0012091898428053204,"frozenset({'CH:UCIjSUWHWp6KohfnR5OQTXnQ', 'CH:UC16niRr50-MSBwiO3YDb3RA', 'CH:UCPgLNge0xqQHWM5B5EFH9Cg'})",3
0.0012091898428053204,"frozenset({'CH:UCoMdktPbSTixAyNGwb-UYkQ', 'CH:UCIjSUWHWp6KohfnR5OQTXnQ', 'CH:UC16niRr50-MSBwiO3YDb3RA'})",3
0.0012091898428053204,"frozenset({'CH:UCIjSUWHWp6KohfnR5OQTXnQ', 'CH:UC16niRr50-MSBwiO3YDb3RA', 'CH:UCxMXl9L79X1Mq_4iwCOyPFg'})",3
0.0012091898428053204,"frozenset({'CH:UCJy232tY_LUd1NuBgsSNUEA', 'CH:UC16niRr50-MSBwiO3YDb3RA', 'CH:UCSQ3jNVu8Zr_toI7NWzDwHw'})",3
0.0012091898428053204,"frozenset({'CH:UCJy232tY_LUd1NuBgsSNUEA', 'CH:UC16niRr50-MSBwiO3YDb3RA', 'CH:UCmYesELO6axBrCuSpf7S9DQ'})",3
0.0012091898428053204,"frozenset({'CH:UCO0akufu9MOzyz3nvGIXAAw', 'CH:UC16niRr50-MSBwiO3YDb3RA', 'CH:UCPgLNge0xqQHWM5B5EFH9Cg'})",3
0.0012091898428053204,"frozenset({'CH:UCO0akufu9MOzyz3nvGIXAAw', 'CH:UCupvZG-5ko_eiXAupbDfxWw', 'CH:UC16niRr50-MSBwiO3YDb3RA'})",3
0.0012091898428053204,"frozenset({'CH:UCoMdktPbSTixAyNGwb-UYkQ', 'CH:UC16niRr50-MSBwiO3YDb3RA', 'CH:UCPgLNge0xqQHWM5B5EFH9Cg'})",3
0.0012091898428053204,"frozenset({'CH:UC16niRr50-MSBwiO3YDb3RA', 'CH:UCPgLNge0xqQHWM5B5EFH9Cg', 'CH:UCxMXl9L79X1Mq_4iwCOyPFg'})",3
0.0012091898428053204,"frozenset({'CH:UC16niRr50-MSBwiO3YDb3RA', 'CH:UCSQ3jNVu8Zr_toI7NWzDwHw', 'CH:UCmYesELO6axBrCuSpf7S9DQ'})",3
0.0012091898428053204,"frozenset({'CH:UCoMdktPbSTixAyNGwb-UYkQ', 'CH:UC16niRr50-MSBwiO3YDb3RA', 'CH:UC_vFLohxs5PkAxlk7Y6jEtw'})",3
0.0012091898428053204,"frozenset({'CH:UChDKyKQ59fYz3JO2fl0Z6sg', 'CH:UCaXkIU1QidjPwiAYu6GcHjg', 'CH:UC16niRr50-MSBwiO3YDb3RA'})",3
0.0012091898428053204,"frozenset({'CH:UChDKyKQ59fYz3JO2fl0Z6sg', 'CH:UC16niRr50-MSBwiO3YDb3RA', 'CH:UCeY0bbntWzzVIaj2z3QigXg'})",3
0.0012091898428053204,"frozenset({'CH:UCeY0bbntWzzVIaj2z3QigXg', 'CH:UCoMdktPbSTixAyNGwb-UYkQ', 'CH:UC16niRr50-MSBwiO3YDb3RA'})",3
0.0012091898428053204,"frozenset({'CH:UCeY0bbntWzzVIaj2z3QigXg', 'DOM:www.youtube.com', 'CH:UC16niRr50-MSBwiO3YDb3RA'})",3
0.0012091898428053204,"frozenset({'CH:UCrvhNP_lWuPIP6QZzJmM-bw', 'CH:UCupvZG-5ko_eiXAupbDfxWw', 'CH:UC16niRr50-MSBwiO3YDb3RA'})",3
0.0012091898428053204,"frozenset({'DOM:www.youtube.com', 'CH:UCupvZG-5ko_eiXAupbDfxWw', 'CH:UC16niRr50-MSBwiO3YDb3RA'})",3
0.0012091898428053204,"frozenset({'CH:UC52X5wxOL_s5yw0dQk7NtgA', 'CH:UC2x_qNZXKDxNP1j4jvHATRQ', 'CH:UC5T7D-Dh1eDGtsAFCuwv_Sw'})",3
0.0012091898428053204,"frozenset({'CH:UCeY0bbntWzzVIaj2z3QigXg', 'CH:UC52X5wxOL_s5yw0dQk7NtgA', 'CH:UC2x_qNZXKDxNP1j4jvHATRQ'})",3
0.0012091898428053204,"frozenset({'CH:UC52X5wxOL_s5yw0dQk7NtgA', 'CH:UC2x_qNZXKDxNP1j4jvHATRQ', 'CH:UCuFFtHWoLl5fauMMD5Ww2jA'})",3
0.0012091898428053204,"frozenset({'CH:UCeY0bbntWzzVIaj2z3QigXg', 'CH:UC5T7D-Dh1eDGtsAFCuwv_Sw', 'CH:UC2x_qNZXKDxNP1j4jvHATRQ'})",3
0.0012091898428053204,"frozenset({'CH:UC5T7D-Dh1eDGtsAFCuwv_Sw', 'CH:UC2x_qNZXKDxNP1j4jvHATRQ', 'CH:UCuFFtHWoLl5fauMMD5Ww2jA'})",3
0.0012091898428053204,"frozenset({'CH:UCH1oRy1dINbMVp3UFWrKP0w', 'CH:UCBi2mrWuNuyYy4gbM6fU18Q', 'CH:UC2x_qNZXKDxNP1j4jvHATRQ'})",3
0.0012091898428053204,"frozenset({'CH:UCBi2mrWuNuyYy4gbM6fU18Q', 'CH:UC2x_qNZXKDxNP1j4jvHATRQ', 'CH:UCVuFPbAjTi3mqpH-0veJRWg'})",3
0.0012091898428053204,"frozenset({'CH:UCH1oRy1dINbMVp3UFWrKP0w', 'CH:UC2x_qNZXKDxNP1j4jvHATRQ', 'CH:UCVuFPbAjTi3mqpH-0veJRWg'})",3
0.0012091898428053204,"frozenset({'CH:UCH1oRy1dINbMVp3UFWrKP0w', 'CH:UC_vFLohxs5PkAxlk7Y6jEtw', 'CH:UC2x_qNZXKDxNP1j4jvHATRQ'})",3
0.0012091898428053204,"frozenset({'CH:UC_vFLohxs5PkAxlk7Y6jEtw', 'CH:UC2x_qNZXKDxNP1j4jvHATRQ', 'CH:UCknLrEdhRCp1aegoMqRaCZg'})",3
0.0012091898428053204,"frozenset({'CH:UCeY0bbntWzzVIaj2z3QigXg', 'CH:UC2x_qNZXKDxNP1j4jvHATRQ', 'CH:UCuFFtHWoLl5fauMMD5Ww2jA'})",3
0.0012091898428053204,"frozenset({'CH:UCeY0bbntWzzVIaj2z3QigXg', 'CH:UC52X5wxOL_s5yw0dQk7NtgA', 'CH:UC5T7D-Dh1eDGtsAFCuwv_Sw'})",3
0.0012091898428053204,"frozenset({'CH:UC52X5wxOL_s5yw0dQk7NtgA', 'CH:UC5T7D-Dh1eDGtsAFCuwv_Sw', 'CH:UCuFFtHWoLl5fauMMD5Ww2jA'})",3
0.0012091898428053204,"frozenset({'CH:UCaXkIU1QidjPwiAYu6GcHjg', 'CH:UC52X5wxOL_s5yw0dQk7NtgA', 'CH:UC9k-yiEpRHMNVOnOi_aQK8w'})",3
0.0012091898428053204,"frozenset({'CH:UCoMdktPbSTixAyNGwb-UYkQ', 'CH:UC9k-yiEpRHMNVOnOi_aQK8w', 'CH:UC52X5wxOL_s5yw0dQk7NtgA'})",3
0.0012091898428053204,"frozenset({'CH:UC52X5wxOL_s5yw0dQk7NtgA', 'CH:UCIRYBXDze5krPDzAEOxFGVA', 'CH:UCBi2mrWuNuyYy4gbM6fU18Q'})",3
0.0012091898428053204,"frozenset({'CH:UC52X5wxOL_s5yw0dQk7NtgA', 'CH:UCBi2mrWuNuyYy4gbM6fU18Q', 'CH:UCP6HGa63sBC7-KHtkme-p-g'})",3
0.0012091898428053204,"frozenset({'CH:UC52X5wxOL_s5yw0dQk7NtgA', 'CH:UCupvZG-5ko_eiXAupbDfxWw', 'CH:UCBi2mrWuNuyYy4gbM6fU18Q'})",3
0.0012091898428053204,"frozenset({'CH:UC52X5wxOL_s5yw0dQk7NtgA', 'CH:UCNZyLULUQBp5e9Q1cKtvk6Q', 'CH:UCCjG8NtOig0USdrT5D1FpxQ'})",3
0.0012091898428053204,"frozenset({'CH:UC52X5wxOL_s5yw0dQk7NtgA', 'CH:UCupvZG-5ko_eiXAupbDfxWw', 'CH:UCIRYBXDze5krPDzAEOxFGVA'})",3
0.0012091898428053204,"frozenset({'CH:UC52X5wxOL_s5yw0dQk7NtgA', 'CH:UCME81PohuzT1JMCsEtvsD2w', 'CH:UCPgLNge0xqQHWM5B5EFH9Cg'})",3
0.0012091898428053204,"frozenset({'CH:UCrvhNP_lWuPIP6QZzJmM-bw', 'CH:UC52X5wxOL_s5yw0dQk7NtgA', 'CH:UCME81PohuzT1JMCsEtvsD2w'})",3
0.0012091898428053204,"frozenset({'CH:UC52X5wxOL_s5yw0dQk7NtgA', 'CH:UC__2_0RJ8XnHt2angfw6S1Q', 'CH:UCO0akufu9MOzyz3nvGIXAAw'})",3
0.0012091898428053204,"frozenset({'CH:UCrvhNP_lWuPIP6QZzJmM-bw', 'CH:UC52X5wxOL_s5yw0dQk7NtgA', 'CH:UCPgLNge0xqQHWM5B5EFH9Cg'})",3
0.0012091898428053204,"frozenset({'CH:UCQfwfsi5VrQ8yKZ-UWmAEFg', 'CH:UC52X5wxOL_s5yw0dQk7NtgA', 'CH:UCXIJgqnII2ZOINSWNOGFThA'})",3
0.0012091898428053204,"frozenset({'CH:UCaXkIU1QidjPwiAYu6GcHjg', 'CH:UC52X5wxOL_s5yw0dQk7NtgA', 'CH:UC_vFLohxs5PkAxlk7Y6jEtw'})",3
0.0012091898428053204,"frozenset({'CH:UCaXkIU1QidjPwiAYu6GcHjg', 'CH:UCoMdktPbSTixAyNGwb-UYkQ', 'CH:UC52X5wxOL_s5yw0dQk7NtgA'})",3
0.0012091898428053204,"frozenset({'CH:UCeY0bbntWzzVIaj2z3QigXg', 'CH:UC52X5wxOL_s5yw0dQk7NtgA', 'CH:UCuFFtHWoLl5fauMMD5Ww2jA'})",3
0.0012091898428053204,"frozenset({'CH:UCoMdktPbSTixAyNGwb-UYkQ', 'CH:UCupvZG-5ko_eiXAupbDfxWw', 'CH:UC52X5wxOL_s5yw0dQk7NtgA'})",3
0.0012091898428053204,"frozenset({'CH:UCoMdktPbSTixAyNGwb-UYkQ', 'CH:UC5T7D-Dh1eDGtsAFCuwv_Sw', 'CH:UCO0akufu9MOzyz3nvGIXAAw'})",3
0.0012091898428053204,"frozenset({'CH:UCeY0bbntWzzVIaj2z3QigXg', 'CH:UC5T7D-Dh1eDGtsAFCuwv_Sw', 'CH:UCuFFtHWoLl5fauMMD5Ww2jA'})",3
0.0012091898428053204,"frozenset({'CH:UCBi2mrWuNuyYy4gbM6fU18Q', 'CH:UC72nbKQLSDyiSARhg0Ywj4w', 'CH:UCCjG8NtOig0USdrT5D1FpxQ'})",3
0.0012091898428053204,"frozenset({'CH:UCStCUMvCw067Nw5uSlbyDsw', 'CH:UCBi2mrWuNuyYy4gbM6fU18Q', 'CH:UC72nbKQLSDyiSARhg0Ywj4w'})",3
0.0012091898428053204,"frozenset({'CH:UCStCUMvCw067Nw5uSlbyDsw', 'CH:UC72nbKQLSDyiSARhg0Ywj4w', 'CH:UCCjG8NtOig0USdrT5D1FpxQ'})",3
0.0012091898428053204,"frozenset({'CH:UCaXkIU1QidjPwiAYu6GcHjg', 'CH:UCoMdktPbSTixAyNGwb-UYkQ', 'CH:UC9k-yiEpRHMNVOnOi_aQK8w'})",3
0.0012091898428053204,"frozenset({'CH:UCIRYBXDze5krPDzAEOxFGVA', 'CH:UCBi2mrWuNuyYy4gbM6fU18Q', 'CH:UCCjG8NtOig0USdrT5D1FpxQ'})",3
0.0012091898428053204,"frozenset({'CH:UCStCUMvCw067Nw5uSlbyDsw', 'CH:UCBi2mrWuNuyYy4gbM6fU18Q', 'CH:UCCjG8NtOig0USdrT5D1FpxQ'})",3
0.0012091898428053204,"frozenset({'CH:UCeY0bbntWzzVIaj2z3QigXg', 'CH:UCBi2mrWuNuyYy4gbM6fU18Q', 'CH:UCCjG8NtOig0USdrT5D1FpxQ'})",3
0.0012091898428053204,"frozenset({'CH:UCBi2mrWuNuyYy4gbM6fU18Q', 'CH:UCvoiXGD8UhXXKzbI-tYo_Ig', 'CH:UCCjG8NtOig0USdrT5D1FpxQ'})",3
0.0012091898428053204,"frozenset({'CH:UCH1oRy1dINbMVp3UFWrKP0w', 'CH:UCBi2mrWuNuyYy4gbM6fU18Q', 'CH:UCVuFPbAjTi3mqpH-0veJRWg'})",3
0.0012091898428053204,"frozenset({'CH:UCH1oRy1dINbMVp3UFWrKP0w', 'CH:UC_vFLohxs5PkAxlk7Y6jEtw', 'CH:UCBi2mrWuNuyYy4gbM6fU18Q'})",3
0.0012091898428053204,"frozenset({'CH:UCH1oRy1dINbMVp3UFWrKP0w', 'CH:UCBi2mrWuNuyYy4gbM6fU18Q', 'CH:UCeY0bbntWzzVIaj2z3QigXg'})",3
0.0012091898428053204,"frozenset({'CH:UCH1oRy1dINbMVp3UFWrKP0w', 'CH:UCBi2mrWuNuyYy4gbM6fU18Q', 'CH:UChLtXXpo4Ge1ReTEboVvTDg'})",3
0.0012091898428053204,"frozenset({'CH:UCO0akufu9MOzyz3nvGIXAAw', 'CH:UCIRYBXDze5krPDzAEOxFGVA', 'CH:UCBi2mrWuNuyYy4gbM6fU18Q'})",3
0.0012091898428053204,"frozenset({'CH:UCeY0bbntWzzVIaj2z3QigXg', 'CH:UCIRYBXDze5krPDzAEOxFGVA', 'CH:UCBi2mrWuNuyYy4gbM6fU18Q'})",3
0.0012091898428053204,"frozenset({'CH:UCupvZG-5ko_eiXAupbDfxWw', 'CH:UCBi2mrWuNuyYy4gbM6fU18Q', 'CH:UCIRYBXDze5krPDzAEOxFGVA'})",3
0.0012091898428053204,"frozenset({'CH:UCBi2mrWuNuyYy4gbM6fU18Q', 'CH:UCoMdktPbSTixAyNGwb-UYkQ', 'CH:UCME81PohuzT1JMCsEtvsD2w'})",3
0.0012091898428053204,"frozenset({'CH:UCeY0bbntWzzVIaj2z3QigXg', 'CH:UCO0akufu9MOzyz3nvGIXAAw', 'CH:UCBi2mrWuNuyYy4gbM6fU18Q'})",3
0.0012091898428053204,"frozenset({'CH:UCrvhNP_lWuPIP6QZzJmM-bw', 'CH:UCBi2mrWuNuyYy4gbM6fU18Q', 'CH:UCP6HGa63sBC7-KHtkme-p-g'})",3
0.0012091898428053204,"frozenset({'CH:UCeY0bbntWzzVIaj2z3QigXg', 'CH:UCBi2mrWuNuyYy4gbM6fU18Q', 'CH:UCPgLNge0xqQHWM5B5EFH9Cg'})",3
0.0012091898428053204,"frozenset({'CH:UCoMdktPbSTixAyNGwb-UYkQ', 'CH:UCBi2mrWuNuyYy4gbM6fU18Q', 'CH:UCPgLNge0xqQHWM5B5EFH9Cg'})",3
0.0012091898428053204,"frozenset({'CH:UCeY0bbntWzzVIaj2z3QigXg', 'CH:UCStCUMvCw067Nw5uSlbyDsw', 'CH:UCBi2mrWuNuyYy4gbM6fU18Q'})",3
0.0012091898428053204,"frozenset({'CH:UCoMdktPbSTixAyNGwb-UYkQ', 'CH:UCBi2mrWuNuyYy4gbM6fU18Q', 'CH:UCVuFPbAjTi3mqpH-0veJRWg'})",3
0.0012091898428053204,"frozenset({'CH:UCeY0bbntWzzVIaj2z3QigXg', 'CH:UCBi2mrWuNuyYy4gbM6fU18Q', 'CH:UCXIJgqnII2ZOINSWNOGFThA'})",3
0.0012091898428053204,"frozenset({'CH:UCupvZG-5ko_eiXAupbDfxWw', 'CH:UCBi2mrWuNuyYy4gbM6fU18Q', 'CH:UCXIJgqnII2ZOINSWNOGFThA'})",3
0.0012091898428053204,"frozenset({'CH:UCBi2mrWuNuyYy4gbM6fU18Q', 'CH:UC_vFLohxs5PkAxlk7Y6jEtw', 'CH:UChLtXXpo4Ge1ReTEboVvTDg'})",3
0.0012091898428053204,"frozenset({'CH:UCeY0bbntWzzVIaj2z3QigXg', 'CH:UCoMdktPbSTixAyNGwb-UYkQ', 'CH:UCBi2mrWuNuyYy4gbM6fU18Q'})",3
0.0012091898428053204,"frozenset({'CH:UCeY0bbntWzzVIaj2z3QigXg', 'DOM:www.youtube.com', 'CH:UCBi2mrWuNuyYy4gbM6fU18Q'})",3
0.0012091898428053204,"frozenset({'CH:UCrvhNP_lWuPIP6QZzJmM-bw', 'CH:UCupvZG-5ko_eiXAupbDfxWw', 'CH:UCBi2mrWuNuyYy4gbM6fU18Q'})",3
0.0012091898428053204,"frozenset({'DOM:www.youtube.com', 'CH:UCupvZG-5ko_eiXAupbDfxWw', 'CH:UCBi2mrWuNuyYy4gbM6fU18Q'})",3
0.0012091898428053204,"frozenset({'CH:UCH1oRy1dINbMVp3UFWrKP0w', 'CH:UCCXoCcu9Rp7NPbTzIvogpZg', 'CH:UCuFFtHWoLl5fauMMD5Ww2jA'})",3
0.0012091898428053204,"frozenset({'CH:UCCXoCcu9Rp7NPbTzIvogpZg', 'CH:UCoMdktPbSTixAyNGwb-UYkQ', 'CH:UCP6HGa63sBC7-KHtkme-p-g'})",3
0.0012091898428053204,"frozenset({'CH:UCIRYBXDze5krPDzAEOxFGVA', 'CH:UCCjG8NtOig0USdrT5D1FpxQ', 'CH:UCXIJgqnII2ZOINSWNOGFThA'})",3
0.0012091898428053204,"frozenset({'CH:UCupvZG-5ko_eiXAupbDfxWw', 'CH:UCIRYBXDze5krPDzAEOxFGVA', 'CH:UCCjG8NtOig0USdrT5D1FpxQ'})",3
0.0012091898428053204,"frozenset({'CH:UCeY0bbntWzzVIaj2z3QigXg', 'CH:UCMscWako8oDvpdF4pppku-g', 'CH:UCCjG8NtOig0USdrT5D1FpxQ'})",3
0.0012091898428053204,"frozenset({'CH:UCw77677G3EAODp61b0izs7w', 'CH:UCVuFPbAjTi3mqpH-0veJRWg', 'CH:UCCjG8NtOig0USdrT5D1FpxQ'})",3
0.0012091898428053204,"frozenset({'CH:UCoMdktPbSTixAyNGwb-UYkQ', 'CH:UCCjG8NtOig0USdrT5D1FpxQ', 'CH:UCXIJgqnII2ZOINSWNOGFThA'})",3
0.0012091898428053204,"frozenset({'CH:UCaXkIU1QidjPwiAYu6GcHjg', 'CH:UCeY0bbntWzzVIaj2z3QigXg', 'CH:UCCjG8NtOig0USdrT5D1FpxQ'})",3
0.0012091898428053204,"frozenset({'CH:UCaXkIU1QidjPwiAYu6GcHjg', 'CH:UCupvZG-5ko_eiXAupbDfxWw', 'CH:UCCjG8NtOig0USdrT5D1FpxQ'})",3
0.0012091898428053204,"frozenset({'CH:UCeY0bbntWzzVIaj2z3QigXg', 'CH:UCoMdktPbSTixAyNGwb-UYkQ', 'CH:UCCjG8NtOig0USdrT5D1FpxQ'})",3
0.0012091898428053204,"frozenset({'CH:UCef1-8eOpJgud7szVPlZQAQ', 'CH:UCupvZG-5ko_eiXAupbDfxWw', 'CH:UCCjG8NtOig0USdrT5D1FpxQ'})",3
0.0012091898428053204,"frozenset({'CH:UChDKyKQ59fYz3JO2fl0Z6sg', 'CH:UCw77677G3EAODp61b0izs7w', 'CH:UCCjG8NtOig0USdrT5D1FpxQ'})",3
0.0012091898428053204,"frozenset({'CH:UCx6h-dWzJ5NpAlja1YsApdg', 'CH:UChLtXXpo4Ge1ReTEboVvTDg', 'CH:UCCjG8NtOig0USdrT5D1FpxQ'})",3
0.0012091898428053204,"frozenset({'CH:UCoMdktPbSTixAyNGwb-UYkQ', 'CH:UCwWhs_6x42TyRM4Wstoq8HA', 'CH:UCCjG8NtOig0USdrT5D1FpxQ'})",3
0.0012091898428053204,"frozenset({'CH:UCx6h-dWzJ5NpAlja1YsApdg', 'CH:UCupvZG-5ko_eiXAupbDfxWw', 'CH:UCCjG8NtOig0USdrT5D1FpxQ'})",3
0.0012091898428053204,"frozenset({'CH:UCH1oRy1dINbMVp3UFWrKP0w', 'CH:UCStCUMvCw067Nw5uSlbyDsw', 'CH:UCME81PohuzT1JMCsEtvsD2w'})",3
0.0012091898428053204,"frozenset({'CH:UCH1oRy1dINbMVp3UFWrKP0w', 'CH:UC_vFLohxs5PkAxlk7Y6jEtw', 'CH:UChLtXXpo4Ge1ReTEboVvTDg'})",3
0.0012091898428053204,"frozenset({'CH:UCHfF8wFnipMeDpJf8OmMxDg', 'CH:UCupvZG-5ko_eiXAupbDfxWw', 'CH:UCPgLNge0xqQHWM5B5EFH9Cg'})",3
0.0012091898428053204,"frozenset({'CH:UCeY0bbntWzzVIaj2z3QigXg', 'CH:UCIRYBXDze5krPDzAEOxFGVA', 'CH:UCXIJgqnII2ZOINSWNOGFThA'})",3
0.0012091898428053204,"frozenset({'CH:UCoMdktPbSTixAyNGwb-UYkQ', 'CH:UCIRYBXDze5krPDzAEOxFGVA', 'CH:UCXIJgqnII2ZOINSWNOGFThA'})",3
0.0012091898428053204,"frozenset({'CH:UCwWhs_6x42TyRM4Wstoq8HA', 'CH:UCIRYBXDze5krPDzAEOxFGVA', 'CH:UCknLrEdhRCp1aegoMqRaCZg'})",3
0.0012091898428053204,"frozenset({'CH:UCoMdktPbSTixAyNGwb-UYkQ', 'CH:UCIRYBXDze5krPDzAEOxFGVA', 'CH:UCuFFtHWoLl5fauMMD5Ww2jA'})",3
0.0012091898428053204,"frozenset({'CH:UCIjSUWHWp6KohfnR5OQTXnQ', 'CH:UCxMXl9L79X1Mq_4iwCOyPFg', 'CH:UCPgLNge0xqQHWM5B5EFH9Cg'})",3
0.0012091898428053204,"frozenset({'CH:UCJy232tY_LUd1NuBgsSNUEA', 'CH:UCSQ3jNVu8Zr_toI7NWzDwHw', 'CH:UCmYesELO6axBrCuSpf7S9DQ'})",3
0.0012091898428053204,"frozenset({'CH:UCK7tptUDHh-RYDsdxO1-5QQ', 'CH:UCVuFPbAjTi3mqpH-0veJRWg', 'CH:UCXIJgqnII2ZOINSWNOGFThA'})",3
0.0012091898428053204,"frozenset({'CH:UCrvhNP_lWuPIP6QZzJmM-bw', 'CH:UCME81PohuzT1JMCsEtvsD2w', 'CH:UCPgLNge0xqQHWM5B5EFH9Cg'})",3
0.0012091898428053204,"frozenset({'CH:UCoMdktPbSTixAyNGwb-UYkQ', 'CH:UCPgLNge0xqQHWM5B5EFH9Cg', 'CH:UCO0akufu9MOzyz3nvGIXAAw'})",3
0.0012091898428053204,"frozenset({'CH:UChDKyKQ59fYz3JO2fl0Z6sg', 'CH:UCO0akufu9MOzyz3nvGIXAAw', 'CH:UCeY0bbntWzzVIaj2z3QigXg'})",3
0.0012091898428053204,"frozenset({'CH:UCoMdktPbSTixAyNGwb-UYkQ', 'CH:UCupvZG-5ko_eiXAupbDfxWw', 'CH:UCO0akufu9MOzyz3nvGIXAAw'})",3
0.0012091898428053204,"frozenset({'CH:UCStCUMvCw067Nw5uSlbyDsw', 'CH:UCupvZG-5ko_eiXAupbDfxWw', 'CH:UCP6HGa63sBC7-KHtkme-p-g'})",3
0.0012091898428053204,"frozenset({'CH:UCef1-8eOpJgud7szVPlZQAQ', 'CH:UCVuFPbAjTi3mqpH-0veJRWg', 'CH:UCP6HGa63sBC7-KHtkme-p-g'})",3
0.0012091898428053204,"frozenset({'CH:UCupvZG-5ko_eiXAupbDfxWw', 'CH:UCdtXPiqI2cLorKaPrfpKc4g', 'CH:UCP6HGa63sBC7-KHtkme-p-g'})",3
0.0012091898428053204,"frozenset({'CH:UCx3OuVURpwh-UYamOrw-b4A', 'CH:UCeY0bbntWzzVIaj2z3QigXg', 'CH:UCP6HGa63sBC7-KHtkme-p-g'})",3
0.0012091898428053204,"frozenset({'CH:UC_vFLohxs5PkAxlk7Y6jEtw', 'CH:UCPgLNge0xqQHWM5B5EFH9Cg', 'CH:UCTvZcgH_rsvaGuZ8mU5jpnA'})",3
0.0012091898428053204,"frozenset({'CH:UCoMdktPbSTixAyNGwb-UYkQ', 'CH:UCPgLNge0xqQHWM5B5EFH9Cg', 'CH:UChLtXXpo4Ge1ReTEboVvTDg'})",3
0.0012091898428053204,"frozenset({'CH:UChDKyKQ59fYz3JO2fl0Z6sg', 'CH:UCStCUMvCw067Nw5uSlbyDsw', 'CH:UC__2_0RJ8XnHt2angfw6S1Q'})",3
0.0012091898428053204,"frozenset({'CH:UCeY0bbntWzzVIaj2z3QigXg', 'CH:UC_vFLohxs5PkAxlk7Y6jEtw', 'CH:UCXIJgqnII2ZOINSWNOGFThA'})",3
0.0012091898428053204,"frozenset({'CH:UCoMdktPbSTixAyNGwb-UYkQ', 'CH:UC_vFLohxs5PkAxlk7Y6jEtw', 'CH:UCXIJgqnII2ZOINSWNOGFThA'})",3
0.0012091898428053204,"frozenset({'CH:UCx6h-dWzJ5NpAlja1YsApdg', 'CH:UC_vFLohxs5PkAxlk7Y6jEtw', 'CH:UCXIJgqnII2ZOINSWNOGFThA'})",3
0.0012091898428053204,"frozenset({'CH:UCeY0bbntWzzVIaj2z3QigXg', 'CH:UCoMdktPbSTixAyNGwb-UYkQ', 'CH:UCXIJgqnII2ZOINSWNOGFThA'})",3
0.0012091898428053204,"frozenset({'CH:UCx6h-dWzJ5NpAlja1YsApdg', 'CH:UCeY0bbntWzzVIaj2z3QigXg', 'CH:UCXIJgqnII2ZOINSWNOGFThA'})",3
0.0012091898428053204,"frozenset({'CH:UCoMdktPbSTixAyNGwb-UYkQ', 'CH:UCupvZG-5ko_eiXAupbDfxWw', 'CH:UCXIJgqnII2ZOINSWNOGFThA'})",3
0.0012091898428053204,"frozenset({'CH:UCx6h-dWzJ5NpAlja1YsApdg', 'CH:UCoMdktPbSTixAyNGwb-UYkQ', 'CH:UCXIJgqnII2ZOINSWNOGFThA'})",3
0.0012091898428053204,"frozenset({'CH:UCx3OuVURpwh-UYamOrw-b4A', 'CH:UCupvZG-5ko_eiXAupbDfxWw', 'CH:UCXIJgqnII2ZOINSWNOGFThA'})",3
0.0012091898428053204,"frozenset({'CH:UCaXkIU1QidjPwiAYu6GcHjg', 'CH:UC_vFLohxs5PkAxlk7Y6jEtw', 'CH:UCeY0bbntWzzVIaj2z3QigXg'})",3
0.0012091898428053204,"frozenset({'CH:UCeY0bbntWzzVIaj2z3QigXg', 'CH:UCoMdktPbSTixAyNGwb-UYkQ', 'CH:UC_vFLohxs5PkAxlk7Y6jEtw'})",3
0.0012091898428053204,"frozenset({'CH:UCx6h-dWzJ5NpAlja1YsApdg', 'CH:UC_vFLohxs5PkAxlk7Y6jEtw', 'CH:UCeY0bbntWzzVIaj2z3QigXg'})",3
0.0012091898428053204,"frozenset({'CH:UCrvhNP_lWuPIP6QZzJmM-bw', 'CH:UCoMdktPbSTixAyNGwb-UYkQ', 'CH:UC_vFLohxs5PkAxlk7Y6jEtw'})",3
0.0012091898428053204,"frozenset({'CH:UCx6h-dWzJ5NpAlja1YsApdg', 'CH:UCoMdktPbSTixAyNGwb-UYkQ', 'CH:UC_vFLohxs5PkAxlk7Y6jEtw'})",3
0.0012091898428053204,"frozenset({'CH:UCeY0bbntWzzVIaj2z3QigXg', 'CH:UCef1-8eOpJgud7szVPlZQAQ', 'CH:UCmYesELO6axBrCuSpf7S9DQ'})",3
0.0012091898428053204,"frozenset({'CH:UCx6h-dWzJ5NpAlja1YsApdg', 'CH:UCoMdktPbSTixAyNGwb-UYkQ', 'CH:UCeY0bbntWzzVIaj2z3QigXg'})",3
0.0012091898428053204,"frozenset({'CH:UCrvhNP_lWuPIP6QZzJmM-bw', 'CH:UCupvZG-5ko_eiXAupbDfxWw', 'CH:UCeY0bbntWzzVIaj2z3QigXg'})",3
0.0012091898428053204,"frozenset({'CH:UCupvZG-5ko_eiXAupbDfxWw', 'CH:UCwWhs_6x42TyRM4Wstoq8HA', 'CH:UCeY0bbntWzzVIaj2z3QigXg'})",3
0.0012091898428053204,"frozenset({'CH:UCx3OuVURpwh-UYamOrw-b4A', 'CH:UCupvZG-5ko_eiXAupbDfxWw', 'CH:UCeY0bbntWzzVIaj2z3QigXg'})",3
0.0012091898428053204,"frozenset({'CH:UCeY0bbntWzzVIaj2z3QigXg', 'CH:UCupvZG-5ko_eiXAupbDfxWw', 'DOM:www.youtube.com'})",3
0.0012091898428053204,"frozenset({'CH:UCsufaClk5if2RGqABb-09Uw', 'DOM:saily.com', 'DOM:nordvpn.com'})",3
0.04232164449818621,"frozenset({'CH:UCeY0bbntWzzVIaj2z3QigXg', 'CH:UCBi2mrWuNuyYy4gbM6fU18Q'})",2
0.041112454655380895,"frozenset({'CH:UCoMdktPbSTixAyNGwb-UYkQ', 'CH:UC16niRr50-MSBwiO3YDb3RA'})",2
0.02902055622732769,"frozenset({'CH:UCeY0bbntWzzVIaj2z3QigXg', 'CH:UCupvZG-5ko_eiXAupbDfxWw'})",2
0.02539298669891173,"frozenset({'CH:UCeY0bbntWzzVIaj2z3QigXg', 'CH:UC16niRr50-MSBwiO3YDb3RA'})",2
0.02539298669891173,"frozenset({'CH:UCeY0bbntWzzVIaj2z3QigXg', 'CH:UCCjG8NtOig0USdrT5D1FpxQ'})",2
0.022974607013301087,"frozenset({'CH:UCoMdktPbSTixAyNGwb-UYkQ', 'CH:UCIRYBXDze5krPDzAEOxFGVA'})",2
0.019347037484885126,"frozenset({'CH:UCIRYBXDze5krPDzAEOxFGVA', 'CH:UC16niRr50-MSBwiO3YDb3RA'})",2
0.019347037484885126,"frozenset({'CH:UCeY0bbntWzzVIaj2z3QigXg', 'CH:UCoMdktPbSTixAyNGwb-UYkQ'})",2
0.018137847642079808,"frozenset({'CH:UCupvZG-5ko_eiXAupbDfxWw', 'CH:UC16niRr50-MSBwiO3YDb3RA'})",2
0.018137847642079808,"frozenset({'CH:UCupvZG-5ko_eiXAupbDfxWw', 'CH:UCBi2mrWuNuyYy4gbM6fU18Q'})",2
0.018137847642079808,"frozenset({'CH:UCeY0bbntWzzVIaj2z3QigXg', 'CH:UCIRYBXDze5krPDzAEOxFGVA'})",2
0.016928657799274487,"frozenset({'CH:UCBi2mrWuNuyYy4gbM6fU18Q', 'CH:UCCjG8NtOig0USdrT5D1FpxQ'})",2
0.015719467956469165,"frozenset({'CH:UC16niRr50-MSBwiO3YDb3RA', 'CH:UCknLrEdhRCp1aegoMqRaCZg'})",2
0.014510278113663845,"frozenset({'CH:UCBi2mrWuNuyYy4gbM6fU18Q', 'CH:UC16niRr50-MSBwiO3YDb3RA'})",2
0.014510278113663845,"frozenset({'CH:UCupvZG-5ko_eiXAupbDfxWw', 'CH:UCCjG8NtOig0USdrT5D1FpxQ'})",2
0.013301088270858524,"frozenset({'CH:UCIRYBXDze5krPDzAEOxFGVA', 'CH:UCBi2mrWuNuyYy4gbM6fU18Q'})",2
0.012091898428053204,"frozenset({'CH:UCIRYBXDze5krPDzAEOxFGVA', 'CH:UCCjG8NtOig0USdrT5D1FpxQ'})",2
0.012091898428053204,"frozenset({'CH:UCaXkIU1QidjPwiAYu6GcHjg', 'CH:UCeY0bbntWzzVIaj2z3QigXg'})",2
0.010882708585247884,"frozenset({'CH:UCO0akufu9MOzyz3nvGIXAAw', 'CH:UC16niRr50-MSBwiO3YDb3RA'})",2
0.010882708585247884,"frozenset({'CH:UCoMdktPbSTixAyNGwb-UYkQ', 'CH:UCCjG8NtOig0USdrT5D1FpxQ'})",2
0.010882708585247884,"frozenset({'CH:UCupvZG-5ko_eiXAupbDfxWw', 'CH:UCIRYBXDze5krPDzAEOxFGVA'})",2
0.010882708585247884,"frozenset({'CH:UCaXkIU1QidjPwiAYu6GcHjg', 'CH:UCupvZG-5ko_eiXAupbDfxWw'})",2
0.009673518742442563,"frozenset({'CH:UCeY0bbntWzzVIaj2z3QigXg', 'CH:UC2x_qNZXKDxNP1j4jvHATRQ'})",2
0.009673518742442563,"frozenset({'CH:UCeY0bbntWzzVIaj2z3QigXg', 'CH:UC52X5wxOL_s5yw0dQk7NtgA'})",2
0.009673518742442563,"frozenset({'CH:UCoMdktPbSTixAyNGwb-UYkQ', 'CH:UCO0akufu9MOzyz3nvGIXAAw'})",2
0.009673518742442563,"frozenset({'CH:UCoMdktPbSTixAyNGwb-UYkQ', 'CH:UCPgLNge0xqQHWM5B5EFH9Cg'})",2
0.009673518742442563,"frozenset({'CH:UCeY0bbntWzzVIaj2z3QigXg', 'CH:UCXIJgqnII2ZOINSWNOGFThA'})",2
0.008464328899637243,"frozenset({'CH:UCoMdktPbSTixAyNGwb-UYkQ', 'CH:UCBi2mrWuNuyYy4gbM6fU18Q'})",2
0.007255139056831923,"frozenset({'DOM:www.youtube.com', 'CH:UC16niRr50-MSBwiO3YDb3RA'})",2
0.007255139056831923,"frozenset({'CH:UCeY0bbntWzzVIaj2z3QigXg', 'CH:UCO0akufu9MOzyz3nvGIXAAw'})",2
0.007255139056831923,"frozenset({'CH:UCeY0bbntWzzVIaj2z3QigXg', 'CH:UCPgLNge0xqQHWM5B5EFH9Cg'})",2
0.007255139056831923,"frozenset({'CH:UCeY0bbntWzzVIaj2z3QigXg', 'CH:UCknLrEdhRCp1aegoMqRaCZg'})",2
0.007255139056831923,"frozenset({'CH:UCoMdktPbSTixAyNGwb-UYkQ', 'CH:UCupvZG-5ko_eiXAupbDfxWw'})",2
0.006045949214026602,"frozenset({'CH:UC52X5wxOL_s5yw0dQk7NtgA', 'CH:UC16niRr50-MSBwiO3YDb3RA'})",2
0.006045949214026602,"frozenset({'CH:UCoMdktPbSTixAyNGwb-UYkQ', 'CH:UC52X5wxOL_s5yw0dQk7NtgA'})",2
0.006045949214026602,"frozenset({'CH:UC52X5wxOL_s5yw0dQk7NtgA', 'CH:UCupvZG-5ko_eiXAupbDfxWw'})",2
0.006045949214026602,"frozenset({'CH:UCH1oRy1dINbMVp3UFWrKP0w', 'CH:UCBi2mrWuNuyYy4gbM6fU18Q'})",2
0.006045949214026602,"frozenset({'CH:UCBi2mrWuNuyYy4gbM6fU18Q', 'CH:UCXIJgqnII2ZOINSWNOGFThA'})",2
0.006045949214026602,"frozenset({'CH:UCoMdktPbSTixAyNGwb-UYkQ', 'CH:UCXIJgqnII2ZOINSWNOGFThA'})",2
0.006045949214026602,"frozenset({'CH:UChDKyKQ59fYz3JO2fl0Z6sg', 'CH:UCeY0bbntWzzVIaj2z3QigXg'})",2
0.006045949214026602,"frozenset({'CH:UChDKyKQ59fYz3JO2fl0Z6sg', 'CH:UCupvZG-5ko_eiXAupbDfxWw'})",2
0.0048367593712212815,"frozenset({'CH:UC16niRr50-MSBwiO3YDb3RA', 'CH:UCPgLNge0xqQHWM5B5EFH9Cg'})",2
0.0048367593712212815,"frozenset({'CH:UC16niRr50-MSBwiO3YDb3RA', 'DOM:youtu.be'})",2
0.0048367593712212815,"frozenset({'CH:UC52X5wxOL_s5yw0dQk7NtgA', 'CH:UCBi2mrWuNuyYy4gbM6fU18Q'})",2
0.0048367593712212815,"frozenset({'CH:UC52X5wxOL_s5yw0dQk7NtgA', 'CH:UCCjG8NtOig0USdrT5D1FpxQ'})",2
0.0048367593712212815,"frozenset({'CH:UC52X5wxOL_s5yw0dQk7NtgA', 'CH:UCknLrEdhRCp1aegoMqRaCZg'})",2
0.0048367593712212815,"frozenset({'CH:UC52X5wxOL_s5yw0dQk7NtgA', 'CH:UCuFFtHWoLl5fauMMD5Ww2jA'})",2
0.0048367593712212815,"frozenset({'CH:UCStCUMvCw067Nw5uSlbyDsw', 'CH:UC72nbKQLSDyiSARhg0Ywj4w'})",2
0.0048367593712212815,"frozenset({'CH:UCBi2mrWuNuyYy4gbM6fU18Q', 'CH:UCP6HGa63sBC7-KHtkme-p-g'})",2
0.0048367593712212815,"frozenset({'CH:UCCjG8NtOig0USdrT5D1FpxQ', 'CH:UCMwJJL5FJFuTRT55ksbQ4GQ'})",2
0.0048367593712212815,"frozenset({'CH:UCef1-8eOpJgud7szVPlZQAQ', 'CH:UCCjG8NtOig0USdrT5D1FpxQ'})",2
0.0048367593712212815,"frozenset({'CH:UCx6h-dWzJ5NpAlja1YsApdg', 'CH:UCCjG8NtOig0USdrT5D1FpxQ'})",2
0.0048367593712212815,"frozenset({'CH:UCO0akufu9MOzyz3nvGIXAAw', 'CH:UCIRYBXDze5krPDzAEOxFGVA'})",2
0.0048367593712212815,"frozenset({'CH:UCIRYBXDze5krPDzAEOxFGVA', 'CH:UCXIJgqnII2ZOINSWNOGFThA'})",2
0.0048367593712212815,"frozenset({'CH:UCK7tptUDHh-RYDsdxO1-5QQ', 'CH:UCoMdktPbSTixAyNGwb-UYkQ'})",2
0.0048367593712212815,"frozenset({'CH:UCO0akufu9MOzyz3nvGIXAAw', 'CH:UCupvZG-5ko_eiXAupbDfxWw'})",2
0.0048367593712212815,"frozenset({'CH:UCupvZG-5ko_eiXAupbDfxWw', 'CH:UCXIJgqnII2ZOINSWNOGFThA'})",2
0.0048367593712212815,"frozenset({'CH:UCeY0bbntWzzVIaj2z3QigXg', 'CH:UCef1-8eOpJgud7szVPlZQAQ'})",2
0.0048367593712212815,"frozenset({'CH:UCrvhNP_lWuPIP6QZzJmM-bw', 'CH:UCeY0bbntWzzVIaj2z3QigXg'})",2
0.0048367593712212815,"frozenset({'CH:UCeY0bbntWzzVIaj2z3QigXg', 'CH:UCwWhs_6x42TyRM4Wstoq8HA'})",2
0.0048367593712212815,"frozenset({'CH:UCeY0bbntWzzVIaj2z3QigXg', 'DOM:youtu.be'})",2
0.0048367593712212815,"frozenset({'CH:UCoMdktPbSTixAyNGwb-UYkQ', 'CH:UCknLrEdhRCp1aegoMqRaCZg'})",2
0.0048367593712212815,"frozenset({'CH:UCrvhNP_lWuPIP6QZzJmM-bw', 'CH:UCupvZG-5ko_eiXAupbDfxWw'})",2
0.0036275695284159614,"frozenset({'CH:UC16niRr50-MSBwiO3YDb3RA', 'CH:UCCjG8NtOig0USdrT5D1FpxQ'})",2
0.0036275695284159614,"frozenset({'CH:UCIjSUWHWp6KohfnR5OQTXnQ', 'CH:UC16niRr50-MSBwiO3YDb3RA'})",2
0.0036275695284159614,"frozenset({'CH:UChDKyKQ59fYz3JO2fl0Z6sg', 'CH:UC16niRr50-MSBwiO3YDb3RA'})",2
0.0036275695284159614,"frozenset({'CH:UC52X5wxOL_s5yw0dQk7NtgA', 'CH:UCIRYBXDze5krPDzAEOxFGVA'})",2
0.0036275695284159614,"frozenset({'CH:UC52X5wxOL_s5yw0dQk7NtgA', 'CH:UCP6HGa63sBC7-KHtkme-p-g'})",2
0.0036275695284159614,"frozenset({'CH:UC52X5wxOL_s5yw0dQk7NtgA', 'CH:UC_vFLohxs5PkAxlk7Y6jEtw'})",2
0.0036275695284159614,"frozenset({'CH:UCaXkIU1QidjPwiAYu6GcHjg', 'CH:UC52X5wxOL_s5yw0dQk7NtgA'})",2
0.0036275695284159614,"frozenset({'CH:UCoMdktPbSTixAyNGwb-UYkQ', 'CH:UC5T7D-Dh1eDGtsAFCuwv_Sw'})",2
0.0036275695284159614,"frozenset({'CH:UCBi2mrWuNuyYy4gbM6fU18Q', 'CH:UC72nbKQLSDyiSARhg0Ywj4w'})",2
0.0036275695284159614,"frozenset({'CH:UCO0akufu9MOzyz3nvGIXAAw', 'CH:UCBi2mrWuNuyYy4gbM6fU18Q'})",2
0.0036275695284159614,"frozenset({'CH:UCBi2mrWuNuyYy4gbM6fU18Q', 'CH:UCPgLNge0xqQHWM5B5EFH9Cg'})",2
0.0036275695284159614,"frozenset({'CH:UCBi2mrWuNuyYy4gbM6fU18Q', 'CH:UC_vFLohxs5PkAxlk7Y6jEtw'})",2
0.0036275695284159614,"frozenset({'CH:UCBi2mrWuNuyYy4gbM6fU18Q', 'CH:UCknLrEdhRCp1aegoMqRaCZg'})",2
0.0036275695284159614,"frozenset({'CH:UCrvhNP_lWuPIP6QZzJmM-bw', 'CH:UCBi2mrWuNuyYy4gbM6fU18Q'})",2
0.0036275695284159614,"frozenset({'CH:UCCXoCcu9Rp7NPbTzIvogpZg', 'CH:UC__2_0RJ8XnHt2angfw6S1Q'})",2
0.0036275695284159614,"frozenset({'CH:UCHfF8wFnipMeDpJf8OmMxDg', 'CH:UCCjG8NtOig0USdrT5D1FpxQ'})",2
0.0036275695284159614,"frozenset({'CH:UCIjSUWHWp6KohfnR5OQTXnQ', 'CH:UCCjG8NtOig0USdrT5D1FpxQ'})",2
0.0036275695284159614,"frozenset({'CH:UCVuFPbAjTi3mqpH-0veJRWg', 'CH:UCCjG8NtOig0USdrT5D1FpxQ'})",2
0.0036275695284159614,"frozenset({'CH:UCwWhs_6x42TyRM4Wstoq8HA', 'CH:UCCjG8NtOig0USdrT5D1FpxQ'})",2
0.0036275695284159614,"frozenset({'CH:UCxMXl9L79X1Mq_4iwCOyPFg', 'CH:UCCjG8NtOig0USdrT5D1FpxQ'})",2
0.0036275695284159614,"frozenset({'CH:UCH1oRy1dINbMVp3UFWrKP0w', 'CH:UCaXkIU1QidjPwiAYu6GcHjg'})",2
0.0036275695284159614,"frozenset({'CH:UCH1oRy1dINbMVp3UFWrKP0w', 'CH:UCupvZG-5ko_eiXAupbDfxWw'})",2
0.0036275695284159614,"frozenset({'CH:UCIRYBXDze5krPDzAEOxFGVA', 'CH:UCPgLNge0xqQHWM5B5EFH9Cg'})",2
0.0036275695284159614,"frozenset({'CH:UCIRYBXDze5krPDzAEOxFGVA', 'CH:UCVuFPbAjTi3mqpH-0veJRWg'})",2
0.0036275695284159614,"frozenset({'CH:UCIRYBXDze5krPDzAEOxFGVA', 'CH:UCknLrEdhRCp1aegoMqRaCZg'})",2
0.0036275695284159614,"frozenset({'CH:UCrvhNP_lWuPIP6QZzJmM-bw', 'CH:UCIRYBXDze5krPDzAEOxFGVA'})",2
0.0036275695284159614,"frozenset({'CH:UCO0akufu9MOzyz3nvGIXAAw', 'CH:UCPgLNge0xqQHWM5B5EFH9Cg'})",2
0.0036275695284159614,"frozenset({'CH:UCPgLNge0xqQHWM5B5EFH9Cg', 'DOM:youtu.be'})",2
0.0036275695284159614,"frozenset({'CH:UChDKyKQ59fYz3JO2fl0Z6sg', 'CH:UCStCUMvCw067Nw5uSlbyDsw'})",2
0.0036275695284159614,"frozenset({'CH:UCoMdktPbSTixAyNGwb-UYkQ', 'CH:UC_vFLohxs5PkAxlk7Y6jEtw'})",2
0.0036275695284159614,"frozenset({'CH:UCaXkIU1QidjPwiAYu6GcHjg', 'CH:UCoMdktPbSTixAyNGwb-UYkQ'})",2
0.0036275695284159614,"frozenset({'CH:UCupvZG-5ko_eiXAupbDfxWw', 'CH:UCdtXPiqI2cLorKaPrfpKc4g'})",2
0.0036275695284159614,"frozenset({'CH:UCx3OuVURpwh-UYamOrw-b4A', 'CH:UCeY0bbntWzzVIaj2z3QigXg'})",2
0.0036275695284159614,"frozenset({'CH:UCeY0bbntWzzVIaj2z3QigXg', 'DOM:www.youtube.com'})",2
0.0036275695284159614,"frozenset({'CH:UCwWhs_6x42TyRM4Wstoq8HA', 'CH:UCknLrEdhRCp1aegoMqRaCZg'})",2
0.0036275695284159614,"frozenset({'CH:UCupvZG-5ko_eiXAupbDfxWw', 'CH:UCwWhs_6x42TyRM4Wstoq8HA'})",2
0.0036275695284159614,"frozenset({'CH:UCx3OuVURpwh-UYamOrw-b4A', 'CH:UCupvZG-5ko_eiXAupbDfxWw'})",2
0.0036275695284159614,"frozenset({'CH:UCupvZG-5ko_eiXAupbDfxWw', 'DOM:www.youtube.com'})",2
0.0036275695284159614,"frozenset({'CH:UCwWhs_6x42TyRM4Wstoq8HA', 'DOM:youtu.be'})",2
0.0024183796856106408,"frozenset({'CH:UC16niRr50-MSBwiO3YDb3RA', 'CH:UC5T7D-Dh1eDGtsAFCuwv_Sw'})",2
0.0024183796856106408,"frozenset({'CH:UCCXoCcu9Rp7NPbTzIvogpZg', 'CH:UC16niRr50-MSBwiO3YDb3RA'})",2
0.0024183796856106408,"frozenset({'CH:UCCj956IF62FbT7Gouszaj9w', 'CH:UC16niRr50-MSBwiO3YDb3RA'})",2
0.0024183796856106408,"frozenset({'CH:UCME81PohuzT1JMCsEtvsD2w', 'CH:UC16niRr50-MSBwiO3YDb3RA'})",2
0.0024183796856106408,"frozenset({'CH:UC16niRr50-MSBwiO3YDb3RA', 'CH:UCP6HGa63sBC7-KHtkme-p-g'})",2
0.0024183796856106408,"frozenset({'CH:UC16niRr50-MSBwiO3YDb3RA', 'CH:UCXIJgqnII2ZOINSWNOGFThA'})",2
0.0024183796856106408,"frozenset({'CH:UC16niRr50-MSBwiO3YDb3RA', 'CH:UC__2_0RJ8XnHt2angfw6S1Q'})",2
0.0024183796856106408,"frozenset({'CH:UCaXkIU1QidjPwiAYu6GcHjg', 'CH:UC16niRr50-MSBwiO3YDb3RA'})",2
0.0024183796856106408,"frozenset({'CH:UCrvhNP_lWuPIP6QZzJmM-bw', 'CH:UC16niRr50-MSBwiO3YDb3RA'})",2
0.0024183796856106408,"frozenset({'CH:UCsufaClk5if2RGqABb-09Uw', 'CH:UC16niRr50-MSBwiO3YDb3RA'})",2
0.0024183796856106408,"frozenset({'CH:UCwWhs_6x42TyRM4Wstoq8HA', 'CH:UC16niRr50-MSBwiO3YDb3RA'})",2
0.0024183796856106408,"frozenset({'DOM:youtube.com', 'CH:UC16niRr50-MSBwiO3YDb3RA'})",2
0.0024183796856106408,"frozenset({'CH:UCH1oRy1dINbMVp3UFWrKP0w', 'CH:UC2x_qNZXKDxNP1j4jvHATRQ'})",2
0.0024183796856106408,"frozenset({'CH:UC_vFLohxs5PkAxlk7Y6jEtw', 'CH:UC2x_qNZXKDxNP1j4jvHATRQ'})",2
0.0024183796856106408,"frozenset({'CH:UC52X5wxOL_s5yw0dQk7NtgA', 'CH:UC5T7D-Dh1eDGtsAFCuwv_Sw'})",2
0.0024183796856106408,"frozenset({'CH:UCCXoCcu9Rp7NPbTzIvogpZg', 'CH:UC52X5wxOL_s5yw0dQk7NtgA'})",2
0.0024183796856106408,"frozenset({'CH:UC52X5wxOL_s5yw0dQk7NtgA', 'CH:UCPgLNge0xqQHWM5B5EFH9Cg'})",2
0.0024183796856106408,"frozenset({'CH:UCx3OuVURpwh-UYamOrw-b4A', 'CH:UC52X5wxOL_s5yw0dQk7NtgA'})",2
0.0024183796856106408,"frozenset({'CH:UCO0akufu9MOzyz3nvGIXAAw', 'CH:UC5T7D-Dh1eDGtsAFCuwv_Sw'})",2
0.0024183796856106408,"frozenset({'CH:UCeY0bbntWzzVIaj2z3QigXg', 'CH:UC5T7D-Dh1eDGtsAFCuwv_Sw'})",2
0.0024183796856106408,"frozenset({'CH:UC5T7D-Dh1eDGtsAFCuwv_Sw', 'CH:UCuFFtHWoLl5fauMMD5Ww2jA'})",2
0.0024183796856106408,"frozenset({'CH:UCupvZG-5ko_eiXAupbDfxWw', 'CH:UC72nbKQLSDyiSARhg0Ywj4w'})",2
0.0024183796856106408,"frozenset({'CH:UCCj956IF62FbT7Gouszaj9w', 'CH:UCBi2mrWuNuyYy4gbM6fU18Q'})",2
0.0024183796856106408,"frozenset({'CH:UCStCUMvCw067Nw5uSlbyDsw', 'CH:UCBi2mrWuNuyYy4gbM6fU18Q'})",2
0.0024183796856106408,"frozenset({'CH:UCBi2mrWuNuyYy4gbM6fU18Q', 'CH:UCT350j4u6alUKyF9eu2bGug'})",2
0.0024183796856106408,"frozenset({'CH:UCBi2mrWuNuyYy4gbM6fU18Q', 'CH:UCVuFPbAjTi3mqpH-0veJRWg'})",2
0.0024183796856106408,"frozenset({'CH:UCaXkIU1QidjPwiAYu6GcHjg', 'CH:UCBi2mrWuNuyYy4gbM6fU18Q'})",2
0.0024183796856106408,"frozenset({'CH:UCwWhs_6x42TyRM4Wstoq8HA', 'CH:UCBi2mrWuNuyYy4gbM6fU18Q'})",2
0.0024183796856106408,"frozenset({'CH:UCCXoCcu9Rp7NPbTzIvogpZg', 'CH:UCO0akufu9MOzyz3nvGIXAAw'})",2
0.0024183796856106408,"frozenset({'CH:UCCXoCcu9Rp7NPbTzIvogpZg', 'CH:UCXIJgqnII2ZOINSWNOGFThA'})",2
0.0024183796856106408,"frozenset({'CH:UCCXoCcu9Rp7NPbTzIvogpZg', 'CH:UC_vFLohxs5PkAxlk7Y6jEtw'})",2
0.0024183796856106408,"frozenset({'CH:UCCXoCcu9Rp7NPbTzIvogpZg', 'CH:UCoMdktPbSTixAyNGwb-UYkQ'})",2
0.0024183796856106408,"frozenset({'CH:UCCXoCcu9Rp7NPbTzIvogpZg', 'CH:UCupvZG-5ko_eiXAupbDfxWw'})",2
0.0024183796856106408,"frozenset({'CH:UCQfwfsi5VrQ8yKZ-UWmAEFg', 'CH:UCCjG8NtOig0USdrT5D1FpxQ'})",2
0.0024183796856106408,"frozenset({'CH:UCStCUMvCw067Nw5uSlbyDsw', 'CH:UCCjG8NtOig0USdrT5D1FpxQ'})",2
0.0024183796856106408,"frozenset({'CH:UCCjG8NtOig0USdrT5D1FpxQ', 'CH:UCXIJgqnII2ZOINSWNOGFThA'})",2
0.0024183796856106408,"frozenset({'CH:UCZ8Sxmkweh65HetaZfR8YuA', 'CH:UCCjG8NtOig0USdrT5D1FpxQ'})",2
0.0024183796856106408,"frozenset({'CH:UCaXkIU1QidjPwiAYu6GcHjg', 'CH:UCCjG8NtOig0USdrT5D1FpxQ'})",2
0.0024183796856106408,"frozenset({'CH:UCdtXPiqI2cLorKaPrfpKc4g', 'CH:UCCjG8NtOig0USdrT5D1FpxQ'})",2
0.0024183796856106408,"frozenset({'CH:UCCjG8NtOig0USdrT5D1FpxQ', 'CH:UCknLrEdhRCp1aegoMqRaCZg'})",2
0.0024183796856106408,"frozenset({'CH:UCw77677G3EAODp61b0izs7w', 'CH:UCCjG8NtOig0USdrT5D1FpxQ'})",2
0.0024183796856106408,"frozenset({'CH:UCH1oRy1dINbMVp3UFWrKP0w', 'CH:UC_vFLohxs5PkAxlk7Y6jEtw'})",2
0.0024183796856106408,"frozenset({'CH:UCH1oRy1dINbMVp3UFWrKP0w', 'CH:UCeY0bbntWzzVIaj2z3QigXg'})",2
0.0024183796856106408,"frozenset({'CH:UCH1oRy1dINbMVp3UFWrKP0w', 'DOM:youtu.be'})",2
0.0024183796856106408,"frozenset({'CH:UCupvZG-5ko_eiXAupbDfxWw', 'CH:UCHd62-u_v4DvJ8TCFtpi4GA'})",2
0.0024183796856106408,"frozenset({'CH:UCIjSUWHWp6KohfnR5OQTXnQ', 'CH:UC__2_0RJ8XnHt2angfw6S1Q'})",2
0.0024183796856106408,"frozenset({'CH:UCIjSUWHWp6KohfnR5OQTXnQ', 'CH:UCxMXl9L79X1Mq_4iwCOyPFg'})",2
0.0024183796856106408,"frozenset({'CH:UCJy232tY_LUd1NuBgsSNUEA', 'CH:UCmYesELO6axBrCuSpf7S9DQ'})",2
0.0024183796856106408,"frozenset({'CH:UCK7tptUDHh-RYDsdxO1-5QQ', 'CH:UCwWhs_6x42TyRM4Wstoq8HA'})",2
0.0024183796856106408,"frozenset({'CH:UCeY0bbntWzzVIaj2z3QigXg', 'CH:UCME81PohuzT1JMCsEtvsD2w'})",2
0.0024183796856106408,"frozenset({'CH:UCoMdktPbSTixAyNGwb-UYkQ', 'CH:UCME81PohuzT1JMCsEtvsD2w'})",2
0.0024183796856106408,"frozenset({'CH:UCO0akufu9MOzyz3nvGIXAAw', 'DOM:youtu.be'})",2
0.0024183796856106408,"frozenset({'CH:UCPgLNge0xqQHWM5B5EFH9Cg', 'CH:UCP6HGa63sBC7-KHtkme-p-g'})",2
0.0024183796856106408,"frozenset({'CH:UCdtXPiqI2cLorKaPrfpKc4g', 'CH:UCP6HGa63sBC7-KHtkme-p-g'})",2
0.0024183796856106408,"frozenset({'CH:UCeY0bbntWzzVIaj2z3QigXg', 'CH:UCP6HGa63sBC7-KHtkme-p-g'})",2
0.0024183796856106408,"frozenset({'CH:UCef1-8eOpJgud7szVPlZQAQ', 'CH:UCP6HGa63sBC7-KHtkme-p-g'})",2
0.0024183796856106408,"frozenset({'CH:UCupvZG-5ko_eiXAupbDfxWw', 'CH:UCP6HGa63sBC7-KHtkme-p-g'})",2
0.0024183796856106408,"frozenset({'CH:UCwWhs_6x42TyRM4Wstoq8HA', 'CH:UCP6HGa63sBC7-KHtkme-p-g'})",2
0.0024183796856106408,"frozenset({'CH:UCStCUMvCw067Nw5uSlbyDsw', 'CH:UCupvZG-5ko_eiXAupbDfxWw'})",2
0.0024183796856106408,"frozenset({'CH:UCeY0bbntWzzVIaj2z3QigXg', 'CH:UCT350j4u6alUKyF9eu2bGug'})",2
0.0024183796856106408,"frozenset({'CH:UCoMdktPbSTixAyNGwb-UYkQ', 'CH:UCVuFPbAjTi3mqpH-0veJRWg'})",2
0.0024183796856106408,"frozenset({'CH:UCrvhNP_lWuPIP6QZzJmM-bw', 'CH:UCXIJgqnII2ZOINSWNOGFThA'})",2
0.0024183796856106408,"frozenset({'CH:UCzJXNzqz6VMHSNInQt_7q6w', 'CH:UCXIJgqnII2ZOINSWNOGFThA'})",2
0.0024183796856106408,"frozenset({'CH:UCeY0bbntWzzVIaj2z3QigXg', 'CH:UC__2_0RJ8XnHt2angfw6S1Q'})",2
0.0024183796856106408,"frozenset({'CH:UCaXkIU1QidjPwiAYu6GcHjg', 'CH:UC_vFLohxs5PkAxlk7Y6jEtw'})",2
0.0024183796856106408,"frozenset({'CH:UCeY0bbntWzzVIaj2z3QigXg', 'CH:UC_vFLohxs5PkAxlk7Y6jEtw'})",2
0.0024183796856106408,"frozenset({'CH:UCeY0bbntWzzVIaj2z3QigXg', 'CH:UCmYesELO6axBrCuSpf7S9DQ'})",2
0.0024183796856106408,"frozenset({'CH:UCeY0bbntWzzVIaj2z3QigXg', 'CH:UCuFFtHWoLl5fauMMD5Ww2jA'})",2
0.0024183796856106408,"frozenset({'CH:UCeY0bbntWzzVIaj2z3QigXg', 'DOM:youtube.com'})",2
0.0024183796856106408,"frozenset({'CH:UChDKyKQ59fYz3JO2fl0Z6sg', 'CH:UCvoiXGD8UhXXKzbI-tYo_Ig'})",2
0.0024183796856106408,"frozenset({'CH:UCoMdktPbSTixAyNGwb-UYkQ', 'DOM:youtube.com'})",2
0.0024183796856106408,"frozenset({'CH:UCrvhNP_lWuPIP6QZzJmM-bw', 'CH:UCwWhs_6x42TyRM4Wstoq8HA'})",2
0.0024183796856106408,"frozenset({'CH:UCupvZG-5ko_eiXAupbDfxWw', 'DOM:youtu.be'})",2
0.0012091898428053204,"frozenset({'CH:UC16niRr50-MSBwiO3YDb3RA', 'CH:UC2x_qNZXKDxNP1j4jvHATRQ'})",2
0.0012091898428053204,"frozenset({'CH:UC16niRr50-MSBwiO3YDb3RA', 'CH:UCF4QKhPMP1JybbkIJzIayww'})",2
0.0012091898428053204,"frozenset({'CH:UCH1oRy1dINbMVp3UFWrKP0w', 'CH:UC16niRr50-MSBwiO3YDb3RA'})",2
0.0012091898428053204,"frozenset({'CH:UCJy232tY_LUd1NuBgsSNUEA', 'CH:UC16niRr50-MSBwiO3YDb3RA'})",2
0.0012091898428053204,"frozenset({'CH:UCK7tptUDHh-RYDsdxO1-5QQ', 'CH:UC16niRr50-MSBwiO3YDb3RA'})",2
0.0012091898428053204,"frozenset({'CH:UCNye-wNBqNL5ZzHSJj3l8Bg', 'CH:UC16niRr50-MSBwiO3YDb3RA'})",2
0.0012091898428053204,"frozenset({'CH:UCQfwfsi5VrQ8yKZ-UWmAEFg', 'CH:UC16niRr50-MSBwiO3YDb3RA'})",2
0.0012091898428053204,"frozenset({'CH:UC16niRr50-MSBwiO3YDb3RA', 'CH:UCSQ3jNVu8Zr_toI7NWzDwHw'})",2
0.0012091898428053204,"frozenset({'CH:UC16niRr50-MSBwiO3YDb3RA', 'CH:UCT350j4u6alUKyF9eu2bGug'})",2
0.0012091898428053204,"frozenset({'CH:UC16niRr50-MSBwiO3YDb3RA', 'CH:UC_vFLohxs5PkAxlk7Y6jEtw'})",2
0.0012091898428053204,"frozenset({'CH:UC16niRr50-MSBwiO3YDb3RA', 'CH:UCdtXPiqI2cLorKaPrfpKc4g'})",2
0.0012091898428053204,"frozenset({'CH:UC16niRr50-MSBwiO3YDb3RA', 'CH:UCmYesELO6axBrCuSpf7S9DQ'})",2
0.0012091898428053204,"frozenset({'CH:UCx3OuVURpwh-UYamOrw-b4A', 'CH:UC16niRr50-MSBwiO3YDb3RA'})",2
0.0012091898428053204,"frozenset({'CH:UC16niRr50-MSBwiO3YDb3RA', 'CH:UCxMXl9L79X1Mq_4iwCOyPFg'})",2
0.0012091898428053204,"frozenset({'CH:UC16niRr50-MSBwiO3YDb3RA', 'DOM:imaginarygun.wordpress.com'})",2
0.0012091898428053204,"frozenset({'DOM:uucga.com', 'CH:UC16niRr50-MSBwiO3YDb3RA'})",2
0.0012091898428053204,"frozenset({'CH:UC52X5wxOL_s5yw0dQk7NtgA', 'CH:UC2x_qNZXKDxNP1j4jvHATRQ'})",2
0.0012091898428053204,"frozenset({'CH:UC5T7D-Dh1eDGtsAFCuwv_Sw', 'CH:UC2x_qNZXKDxNP1j4jvHATRQ'})",2
0.0012091898428053204,"frozenset({'CH:UCBi2mrWuNuyYy4gbM6fU18Q', 'CH:UC2x_qNZXKDxNP1j4jvHATRQ'})",2
0.0012091898428053204,"frozenset({'CH:UCIjSUWHWp6KohfnR5OQTXnQ', 'CH:UC2x_qNZXKDxNP1j4jvHATRQ'})",2
0.0012091898428053204,"frozenset({'CH:UC2x_qNZXKDxNP1j4jvHATRQ', 'CH:UCVuFPbAjTi3mqpH-0veJRWg'})",2
0.0012091898428053204,"frozenset({'CH:UC2x_qNZXKDxNP1j4jvHATRQ', 'CH:UCknLrEdhRCp1aegoMqRaCZg'})",2
0.0012091898428053204,"frozenset({'CH:UC2x_qNZXKDxNP1j4jvHATRQ', 'CH:UCuFFtHWoLl5fauMMD5Ww2jA'})",2
0.0012091898428053204,"frozenset({'DOM:youtube.com', 'CH:UC3XTzVzaHQEd30rQbuvCtTQ'})",2
0.0012091898428053204,"frozenset({'CH:UC9k-yiEpRHMNVOnOi_aQK8w', 'CH:UC415bOPUcGSamy543abLmRA'})",2
0.0012091898428053204,"frozenset({'CH:UCBi2mrWuNuyYy4gbM6fU18Q', 'CH:UC415bOPUcGSamy543abLmRA'})",2
0.0012091898428053204,"frozenset({'CH:UCxMXl9L79X1Mq_4iwCOyPFg', 'CH:UC415bOPUcGSamy543abLmRA'})",2
0.0012091898428053204,"frozenset({'CH:UC52X5wxOL_s5yw0dQk7NtgA', 'CH:UC72nbKQLSDyiSARhg0Ywj4w'})",2
0.0012091898428053204,"frozenset({'CH:UC52X5wxOL_s5yw0dQk7NtgA', 'CH:UC9k-yiEpRHMNVOnOi_aQK8w'})",2
0.0012091898428053204,"frozenset({'CH:UC52X5wxOL_s5yw0dQk7NtgA', 'CH:UCF4QKhPMP1JybbkIJzIayww'})",2
0.0012091898428053204,"frozenset({'CH:UC52X5wxOL_s5yw0dQk7NtgA', 'CH:UCIjSUWHWp6KohfnR5OQTXnQ'})",2
0.0012091898428053204,"frozenset({'CH:UC52X5wxOL_s5yw0dQk7NtgA', 'CH:UCME81PohuzT1JMCsEtvsD2w'})",2
0.0012091898428053204,"frozenset({'CH:UC52X5wxOL_s5yw0dQk7NtgA', 'CH:UCNZyLULUQBp5e9Q1cKtvk6Q'})",2
0.0012091898428053204,"frozenset({'CH:UC52X5wxOL_s5yw0dQk7NtgA', 'CH:UCO0akufu9MOzyz3nvGIXAAw'})",2
0.0012091898428053204,"frozenset({'CH:UCQfwfsi5VrQ8yKZ-UWmAEFg', 'CH:UC52X5wxOL_s5yw0dQk7NtgA'})",2
0.0012091898428053204,"frozenset({'CH:UCStCUMvCw067Nw5uSlbyDsw', 'CH:UC52X5wxOL_s5yw0dQk7NtgA'})",2
0.0012091898428053204,"frozenset({'CH:UC52X5wxOL_s5yw0dQk7NtgA', 'CH:UCXIJgqnII2ZOINSWNOGFThA'})",2
0.0012091898428053204,"frozenset({'CH:UC52X5wxOL_s5yw0dQk7NtgA', 'CH:UC__2_0RJ8XnHt2angfw6S1Q'})",2
0.0012091898428053204,"frozenset({'CH:UCrvhNP_lWuPIP6QZzJmM-bw', 'CH:UC52X5wxOL_s5yw0dQk7NtgA'})",2
0.0012091898428053204,"frozenset({'CH:UC52X5wxOL_s5yw0dQk7NtgA', 'CH:UCw77677G3EAODp61b0izs7w'})",2
0.0012091898428053204,"frozenset({'CH:UC5T7D-Dh1eDGtsAFCuwv_Sw', 'CH:UCCjG8NtOig0USdrT5D1FpxQ'})",2
0.0012091898428053204,"frozenset({'CH:UCIRYBXDze5krPDzAEOxFGVA', 'CH:UC5T7D-Dh1eDGtsAFCuwv_Sw'})",2
0.0012091898428053204,"frozenset({'CH:UCStCUMvCw067Nw5uSlbyDsw', 'CH:UC5T7D-Dh1eDGtsAFCuwv_Sw'})",2
0.0012091898428053204,"frozenset({'CH:UCef1-8eOpJgud7szVPlZQAQ', 'CH:UC5T7D-Dh1eDGtsAFCuwv_Sw'})",2
0.0012091898428053204,"frozenset({'CH:UC5T7D-Dh1eDGtsAFCuwv_Sw', 'CH:UCknLrEdhRCp1aegoMqRaCZg'})",2
0.0012091898428053204,"frozenset({'CH:UCupvZG-5ko_eiXAupbDfxWw', 'CH:UC5T7D-Dh1eDGtsAFCuwv_Sw'})",2
0.0012091898428053204,"frozenset({'CH:UC72UssJ1DNQcakZXm-B2-zw', 'CH:UCXIJgqnII2ZOINSWNOGFThA'})",2
0.0012091898428053204,"frozenset({'CH:UC72nbKQLSDyiSARhg0Ywj4w', 'CH:UCCjG8NtOig0USdrT5D1FpxQ'})",2
0.0012091898428053204,"frozenset({'CH:UCaXkIU1QidjPwiAYu6GcHjg', 'CH:UC72nbKQLSDyiSARhg0Ywj4w'})",2
0.0012091898428053204,"frozenset({'CH:UCdtXPiqI2cLorKaPrfpKc4g', 'CH:UC72nbKQLSDyiSARhg0Ywj4w'})",2
0.0012091898428053204,"frozenset({'CH:UCoMdktPbSTixAyNGwb-UYkQ', 'CH:UC83jt4dlz1Gjl58fzQrrKZg'})",2
0.0012091898428053204,"frozenset({'CH:UC8p1vwvWtl6T73JiExfWs1g', 'CH:UCIjSUWHWp6KohfnR5OQTXnQ'})",2
0.0012091898428053204,"frozenset({'CH:UC8p1vwvWtl6T73JiExfWs1g', 'CH:UCVuFPbAjTi3mqpH-0veJRWg'})",2
0.0012091898428053204,"frozenset({'CH:UCIRYBXDze5krPDzAEOxFGVA', 'CH:UC9k-yiEpRHMNVOnOi_aQK8w'})",2
0.0012091898428053204,"frozenset({'CH:UCO0akufu9MOzyz3nvGIXAAw', 'CH:UC9k-yiEpRHMNVOnOi_aQK8w'})",2
0.0012091898428053204,"frozenset({'CH:UCaXkIU1QidjPwiAYu6GcHjg', 'CH:UC9k-yiEpRHMNVOnOi_aQK8w'})",2
0.0012091898428053204,"frozenset({'CH:UC9k-yiEpRHMNVOnOi_aQK8w', 'CH:UCdtXPiqI2cLorKaPrfpKc4g'})",2
0.0012091898428053204,"frozenset({'CH:UC9k-yiEpRHMNVOnOi_aQK8w', 'CH:UCjq9ElqnV7Df6NLb4oDHKqQ'})",2
0.0012091898428053204,"frozenset({'CH:UCoMdktPbSTixAyNGwb-UYkQ', 'CH:UC9k-yiEpRHMNVOnOi_aQK8w'})",2
0.0012091898428053204,"frozenset({'CH:UCHfF8wFnipMeDpJf8OmMxDg', 'CH:UCBi2mrWuNuyYy4gbM6fU18Q'})",2
0.0012091898428053204,"frozenset({'CH:UCIjSUWHWp6KohfnR5OQTXnQ', 'CH:UCBi2mrWuNuyYy4gbM6fU18Q'})",2
0.0012091898428053204,"frozenset({'CH:UCJy232tY_LUd1NuBgsSNUEA', 'CH:UCBi2mrWuNuyYy4gbM6fU18Q'})",2
0.0012091898428053204,"frozenset({'CH:UCBi2mrWuNuyYy4gbM6fU18Q', 'CH:UCME81PohuzT1JMCsEtvsD2w'})",2
0.0012091898428053204,"frozenset({'CH:UCNye-wNBqNL5ZzHSJj3l8Bg', 'CH:UCBi2mrWuNuyYy4gbM6fU18Q'})",2
0.0012091898428053204,"frozenset({'CH:UCBi2mrWuNuyYy4gbM6fU18Q', 'CH:UCSQ3jNVu8Zr_toI7NWzDwHw'})",2
0.0012091898428053204,"frozenset({'CH:UCBi2mrWuNuyYy4gbM6fU18Q', 'CH:UCTbhS5-KTEKzBh-eqeU5vAw'})",2
0.0012091898428053204,"frozenset({'CH:UChDKyKQ59fYz3JO2fl0Z6sg', 'CH:UCBi2mrWuNuyYy4gbM6fU18Q'})",2
0.0012091898428053204,"frozenset({'CH:UCBi2mrWuNuyYy4gbM6fU18Q', 'CH:UChLtXXpo4Ge1ReTEboVvTDg'})",2
0.0012091898428053204,"frozenset({'CH:UCBi2mrWuNuyYy4gbM6fU18Q', 'CH:UCvoiXGD8UhXXKzbI-tYo_Ig'})",2
0.0012091898428053204,"frozenset({'DOM:www.youtube.com', 'CH:UCBi2mrWuNuyYy4gbM6fU18Q'})",2
0.0012091898428053204,"frozenset({'CH:UCH1oRy1dINbMVp3UFWrKP0w', 'CH:UCCXoCcu9Rp7NPbTzIvogpZg'})",2
0.0012091898428053204,"frozenset({'CH:UCCXoCcu9Rp7NPbTzIvogpZg', 'CH:UCP6HGa63sBC7-KHtkme-p-g'})",2
0.0012091898428053204,"frozenset({'CH:UCCXoCcu9Rp7NPbTzIvogpZg', 'CH:UCPgLNge0xqQHWM5B5EFH9Cg'})",2
0.0012091898428053204,"frozenset({'CH:UCCXoCcu9Rp7NPbTzIvogpZg', 'CH:UCdtXPiqI2cLorKaPrfpKc4g'})",2
0.0012091898428053204,"frozenset({'CH:UCCXoCcu9Rp7NPbTzIvogpZg', 'CH:UCeY0bbntWzzVIaj2z3QigXg'})",2
0.0012091898428053204,"frozenset({'CH:UCCXoCcu9Rp7NPbTzIvogpZg', 'CH:UCuFFtHWoLl5fauMMD5Ww2jA'})",2
0.0012091898428053204,"frozenset({'CH:UCCXoCcu9Rp7NPbTzIvogpZg', 'CH:UCzJXNzqz6VMHSNInQt_7q6w'})",2
0.0012091898428053204,"frozenset({'CH:UCeY0bbntWzzVIaj2z3QigXg', 'CH:UCCj956IF62FbT7Gouszaj9w'})",2
0.0012091898428053204,"frozenset({'CH:UCupvZG-5ko_eiXAupbDfxWw', 'CH:UCCj956IF62FbT7Gouszaj9w'})",2
0.0012091898428053204,"frozenset({'CH:UCK7tptUDHh-RYDsdxO1-5QQ', 'CH:UCCjG8NtOig0USdrT5D1FpxQ'})",2
0.0012091898428053204,"frozenset({'CH:UCMscWako8oDvpdF4pppku-g', 'CH:UCCjG8NtOig0USdrT5D1FpxQ'})",2
0.0012091898428053204,"frozenset({'CH:UCNZyLULUQBp5e9Q1cKtvk6Q', 'CH:UCCjG8NtOig0USdrT5D1FpxQ'})",2
0.0012091898428053204,"frozenset({'CH:UCP6HGa63sBC7-KHtkme-p-g', 'CH:UCCjG8NtOig0USdrT5D1FpxQ'})",2
0.0012091898428053204,"frozenset({'CH:UCPWXiRWZ29zrxPFIQT7eHSA', 'CH:UCCjG8NtOig0USdrT5D1FpxQ'})",2
0.0012091898428053204,"frozenset({'CH:UCT350j4u6alUKyF9eu2bGug', 'CH:UCCjG8NtOig0USdrT5D1FpxQ'})",2
0.0012091898428053204,"frozenset({'CH:UCTvZcgH_rsvaGuZ8mU5jpnA', 'CH:UCCjG8NtOig0USdrT5D1FpxQ'})",2
0.0012091898428053204,"frozenset({'CH:UCZFMm1mMw0F81Z37aaEzTUA', 'CH:UCCjG8NtOig0USdrT5D1FpxQ'})",2
0.0012091898428053204,"frozenset({'CH:UChDKyKQ59fYz3JO2fl0Z6sg', 'CH:UCCjG8NtOig0USdrT5D1FpxQ'})",2
0.0012091898428053204,"frozenset({'CH:UChLtXXpo4Ge1ReTEboVvTDg', 'CH:UCCjG8NtOig0USdrT5D1FpxQ'})",2
0.0012091898428053204,"frozenset({'CH:UCjXB7nX8bL2U2sje8d212Yw', 'CH:UCCjG8NtOig0USdrT5D1FpxQ'})",2
0.0012091898428053204,"frozenset({'CH:UCjq9ElqnV7Df6NLb4oDHKqQ', 'CH:UCCjG8NtOig0USdrT5D1FpxQ'})",2
0.0012091898428053204,"frozenset({'CH:UCrvhNP_lWuPIP6QZzJmM-bw', 'CH:UCCjG8NtOig0USdrT5D1FpxQ'})",2
0.0012091898428053204,"frozenset({'CH:UCuFFtHWoLl5fauMMD5Ww2jA', 'CH:UCCjG8NtOig0USdrT5D1FpxQ'})",2
0.0012091898428053204,"frozenset({'CH:UCvoiXGD8UhXXKzbI-tYo_Ig', 'CH:UCCjG8NtOig0USdrT5D1FpxQ'})",2
0.0012091898428053204,"frozenset({'CH:UCx3OuVURpwh-UYamOrw-b4A', 'CH:UCCjG8NtOig0USdrT5D1FpxQ'})",2
0.0012091898428053204,"frozenset({'CH:UCrvhNP_lWuPIP6QZzJmM-bw', 'CH:UCEyqrfHvDzwfSPn63vXl13Q'})",2
0.0012091898428053204,"frozenset({'CH:UCGI6OvfNlS8bKINKrCebvMQ', 'CH:UCxqDR-kvbhyjK9ZPPtYxevA'})",2
0.0012091898428053204,"frozenset({'CH:UCH1oRy1dINbMVp3UFWrKP0w', 'CH:UCME81PohuzT1JMCsEtvsD2w'})",2
0.0012091898428053204,"frozenset({'CH:UCH1oRy1dINbMVp3UFWrKP0w', 'CH:UCO0akufu9MOzyz3nvGIXAAw'})",2
0.0012091898428053204,"frozenset({'CH:UCH1oRy1dINbMVp3UFWrKP0w', 'CH:UCP6HGa63sBC7-KHtkme-p-g'})",2
0.0012091898428053204,"frozenset({'CH:UCH1oRy1dINbMVp3UFWrKP0w', 'CH:UCStCUMvCw067Nw5uSlbyDsw'})",2
0.0012091898428053204,"frozenset({'CH:UCH1oRy1dINbMVp3UFWrKP0w', 'CH:UCVuFPbAjTi3mqpH-0veJRWg'})",2
0.0012091898428053204,"frozenset({'CH:UCH1oRy1dINbMVp3UFWrKP0w', 'CH:UCZFMm1mMw0F81Z37aaEzTUA'})",2
0.0012091898428053204,"frozenset({'CH:UCH1oRy1dINbMVp3UFWrKP0w', 'CH:UChLtXXpo4Ge1ReTEboVvTDg'})",2
0.0012091898428053204,"frozenset({'CH:UCH1oRy1dINbMVp3UFWrKP0w', 'CH:UCknLrEdhRCp1aegoMqRaCZg'})",2
0.0012091898428053204,"frozenset({'CH:UCH1oRy1dINbMVp3UFWrKP0w', 'CH:UCoMdktPbSTixAyNGwb-UYkQ'})",2
0.0012091898428053204,"frozenset({'CH:UCH1oRy1dINbMVp3UFWrKP0w', 'CH:UCuFFtHWoLl5fauMMD5Ww2jA'})",2
0.0012091898428053204,"frozenset({'CH:UCH1oRy1dINbMVp3UFWrKP0w', 'CH:UCvoiXGD8UhXXKzbI-tYo_Ig'})",2
0.0012091898428053204,"frozenset({'CH:UCIRYBXDze5krPDzAEOxFGVA', 'CH:UCHd62-u_v4DvJ8TCFtpi4GA'})",2
0.0012091898428053204,"frozenset({'CH:UCK7tptUDHh-RYDsdxO1-5QQ', 'CH:UCHd62-u_v4DvJ8TCFtpi4GA'})",2
0.0012091898428053204,"frozenset({'CH:UCHd62-u_v4DvJ8TCFtpi4GA', 'CH:UCMwJJL5FJFuTRT55ksbQ4GQ'})",2
0.0012091898428053204,"frozenset({'CH:UCeY0bbntWzzVIaj2z3QigXg', 'CH:UCHd62-u_v4DvJ8TCFtpi4GA'})",2
0.0012091898428053204,"frozenset({'CH:UCx3OuVURpwh-UYamOrw-b4A', 'CH:UCHd62-u_v4DvJ8TCFtpi4GA'})",2
0.0012091898428053204,"frozenset({'CH:UCHfF8wFnipMeDpJf8OmMxDg', 'CH:UCPgLNge0xqQHWM5B5EFH9Cg'})",2
0.0012091898428053204,"frozenset({'CH:UCeY0bbntWzzVIaj2z3QigXg', 'CH:UCHfF8wFnipMeDpJf8OmMxDg'})",2
0.0012091898428053204,"frozenset({'CH:UCHfF8wFnipMeDpJf8OmMxDg', 'CH:UCupvZG-5ko_eiXAupbDfxWw'})",2
0.0012091898428053204,"frozenset({'CH:UCIRYBXDze5krPDzAEOxFGVA', 'CH:UCIjSUWHWp6KohfnR5OQTXnQ'})",2
0.0012091898428053204,"frozenset({'CH:UCIRYBXDze5krPDzAEOxFGVA', 'CH:UCME81PohuzT1JMCsEtvsD2w'})",2
0.0012091898428053204,"frozenset({'CH:UCIRYBXDze5krPDzAEOxFGVA', 'CH:UCP6HGa63sBC7-KHtkme-p-g'})",2
0.0012091898428053204,"frozenset({'CH:UCIRYBXDze5krPDzAEOxFGVA', 'CH:UC__2_0RJ8XnHt2angfw6S1Q'})",2
0.0012091898428053204,"frozenset({'CH:UCIRYBXDze5krPDzAEOxFGVA', 'CH:UC_vFLohxs5PkAxlk7Y6jEtw'})",2
0.0012091898428053204,"frozenset({'CH:UCef1-8eOpJgud7szVPlZQAQ', 'CH:UCIRYBXDze5krPDzAEOxFGVA'})",2
0.0012091898428053204,"frozenset({'CH:UCIRYBXDze5krPDzAEOxFGVA', 'CH:UChirEOpgFCupRAk5etXqPaA'})",2
0.0012091898428053204,"frozenset({'CH:UCIRYBXDze5krPDzAEOxFGVA', 'CH:UCuFFtHWoLl5fauMMD5Ww2jA'})",2
0.0012091898428053204,"frozenset({'CH:UCwWhs_6x42TyRM4Wstoq8HA', 'CH:UCIRYBXDze5krPDzAEOxFGVA'})",2
0.0012091898428053204,"frozenset({'CH:UCIRYBXDze5krPDzAEOxFGVA', 'CH:UCxMXl9L79X1Mq_4iwCOyPFg'})",2
0.0012091898428053204,"frozenset({'CH:UCIRYBXDze5krPDzAEOxFGVA', 'DOM:www.theguardian.com'})",2
0.0012091898428053204,"frozenset({'CH:UCIjSUWHWp6KohfnR5OQTXnQ', 'CH:UCPgLNge0xqQHWM5B5EFH9Cg'})",2
0.0012091898428053204,"frozenset({'CH:UCIjSUWHWp6KohfnR5OQTXnQ', 'CH:UCdtXPiqI2cLorKaPrfpKc4g'})",2
0.0012091898428053204,"frozenset({'CH:UCeY0bbntWzzVIaj2z3QigXg', 'CH:UCIjSUWHWp6KohfnR5OQTXnQ'})",2
0.0012091898428053204,"frozenset({'CH:UCoMdktPbSTixAyNGwb-UYkQ', 'CH:UCIjSUWHWp6KohfnR5OQTXnQ'})",2
0.0012091898428053204,"frozenset({'CH:UCw77677G3EAODp61b0izs7w', 'CH:UCIjSUWHWp6KohfnR5OQTXnQ'})",2
0.0012091898428053204,"frozenset({'CH:UCwWhs_6x42TyRM4Wstoq8HA', 'CH:UCIjSUWHWp6KohfnR5OQTXnQ'})",2
0.0012091898428053204,"frozenset({'CH:UCx3OuVURpwh-UYamOrw-b4A', 'CH:UCIjSUWHWp6KohfnR5OQTXnQ'})",2
0.0012091898428053204,"frozenset({'CH:UCJy232tY_LUd1NuBgsSNUEA', 'CH:UCSOkex4abVl14cZ4tLyUYzw'})",2
0.0012091898428053204,"frozenset({'CH:UCJy232tY_LUd1NuBgsSNUEA', 'CH:UCSQ3jNVu8Zr_toI7NWzDwHw'})",2
0.0012091898428053204,"frozenset({'CH:UCJy232tY_LUd1NuBgsSNUEA', 'CH:UCT350j4u6alUKyF9eu2bGug'})",2
0.0012091898428053204,"frozenset({'CH:UCJy232tY_LUd1NuBgsSNUEA', 'CH:UCT6JZ5y-8twTYzwTJ2y5tEQ'})",2
0.0012091898428053204,"frozenset({'CH:UCJy232tY_LUd1NuBgsSNUEA', 'CH:UCoMdktPbSTixAyNGwb-UYkQ'})",2
0.0012091898428053204,"frozenset({'CH:UCx3OuVURpwh-UYamOrw-b4A', 'CH:UCJy232tY_LUd1NuBgsSNUEA'})",2
0.0012091898428053204,"frozenset({'CH:UCJy232tY_LUd1NuBgsSNUEA', 'DOM:www.youtube.com'})",2
0.0012091898428053204,"frozenset({'CH:UCK7tptUDHh-RYDsdxO1-5QQ', 'CH:UCVuFPbAjTi3mqpH-0veJRWg'})",2
0.0012091898428053204,"frozenset({'CH:UCK7tptUDHh-RYDsdxO1-5QQ', 'CH:UCXIJgqnII2ZOINSWNOGFThA'})",2
0.0012091898428053204,"frozenset({'CH:UCK7tptUDHh-RYDsdxO1-5QQ', 'CH:UCeY0bbntWzzVIaj2z3QigXg'})",2
0.0012091898428053204,"frozenset({'CH:UCK7tptUDHh-RYDsdxO1-5QQ', 'CH:UCknLrEdhRCp1aegoMqRaCZg'})",2
0.0012091898428053204,"frozenset({'CH:UCK7tptUDHh-RYDsdxO1-5QQ', 'CH:UCupvZG-5ko_eiXAupbDfxWw'})",2
0.0012091898428053204,"frozenset({'CH:UCK7tptUDHh-RYDsdxO1-5QQ', 'DOM:on.wsj.com'})",2
0.0012091898428053204,"frozenset({'CH:UCK7tptUDHh-RYDsdxO1-5QQ', 'DOM:youtu.be'})",2
0.0012091898428053204,"frozenset({'CH:UCME81PohuzT1JMCsEtvsD2w', 'CH:UCP6HGa63sBC7-KHtkme-p-g'})",2
0.0012091898428053204,"frozenset({'CH:UCME81PohuzT1JMCsEtvsD2w', 'CH:UCPgLNge0xqQHWM5B5EFH9Cg'})",2
0.0012091898428053204,"frozenset({'CH:UCStCUMvCw067Nw5uSlbyDsw', 'CH:UCME81PohuzT1JMCsEtvsD2w'})",2
0.0012091898428053204,"frozenset({'CH:UCME81PohuzT1JMCsEtvsD2w', 'CH:UCdtXPiqI2cLorKaPrfpKc4g'})",2
0.0012091898428053204,"frozenset({'CH:UCME81PohuzT1JMCsEtvsD2w', 'CH:UCknLrEdhRCp1aegoMqRaCZg'})",2
0.0012091898428053204,"frozenset({'CH:UCrvhNP_lWuPIP6QZzJmM-bw', 'CH:UCME81PohuzT1JMCsEtvsD2w'})",2
0.0012091898428053204,"frozenset({'CH:UCsufaClk5if2RGqABb-09Uw', 'CH:UCME81PohuzT1JMCsEtvsD2w'})",2
0.0012091898428053204,"frozenset({'CH:UCupvZG-5ko_eiXAupbDfxWw', 'CH:UCME81PohuzT1JMCsEtvsD2w'})",2
0.0012091898428053204,"frozenset({'CH:UCwWhs_6x42TyRM4Wstoq8HA', 'CH:UCME81PohuzT1JMCsEtvsD2w'})",2
0.0012091898428053204,"frozenset({'DOM:youtube.com', 'CH:UCME81PohuzT1JMCsEtvsD2w'})",2
0.0012091898428053204,"frozenset({'CH:UCeY0bbntWzzVIaj2z3QigXg', 'CH:UCMscWako8oDvpdF4pppku-g'})",2
0.0012091898428053204,"frozenset({'CH:UCO0akufu9MOzyz3nvGIXAAw', 'CH:UCMwJJL5FJFuTRT55ksbQ4GQ'})",2
0.0012091898428053204,"frozenset({'CH:UCP6HGa63sBC7-KHtkme-p-g', 'CH:UCMwJJL5FJFuTRT55ksbQ4GQ'})",2
0.0012091898428053204,"frozenset({'CH:UCPgLNge0xqQHWM5B5EFH9Cg', 'CH:UCMwJJL5FJFuTRT55ksbQ4GQ'})",2
0.0012091898428053204,"frozenset({'CH:UCMwJJL5FJFuTRT55ksbQ4GQ', 'CH:UCT6JZ5y-8twTYzwTJ2y5tEQ'})",2
0.0012091898428053204,"frozenset({'CH:UCXIJgqnII2ZOINSWNOGFThA', 'CH:UCMwJJL5FJFuTRT55ksbQ4GQ'})",2
0.0012091898428053204,"frozenset({'CH:UCupvZG-5ko_eiXAupbDfxWw', 'CH:UCMwJJL5FJFuTRT55ksbQ4GQ'})",2
0.0012091898428053204,"frozenset({'CH:UCNye-wNBqNL5ZzHSJj3l8Bg', 'CH:UCStCUMvCw067Nw5uSlbyDsw'})",2
0.0012091898428053204,"frozenset({'CH:UCNye-wNBqNL5ZzHSJj3l8Bg', 'CH:UCoMdktPbSTixAyNGwb-UYkQ'})",2
0.0012091898428053204,"frozenset({'CH:UCO0akufu9MOzyz3nvGIXAAw', 'CH:UCXIJgqnII2ZOINSWNOGFThA'})",2
0.0012091898428053204,"frozenset({'CH:UCO0akufu9MOzyz3nvGIXAAw', 'CH:UC__2_0RJ8XnHt2angfw6S1Q'})",2
0.0012091898428053204,"frozenset({'CH:UChDKyKQ59fYz3JO2fl0Z6sg', 'CH:UCO0akufu9MOzyz3nvGIXAAw'})",2
0.0012091898428053204,"frozenset({'CH:UCStCUMvCw067Nw5uSlbyDsw', 'CH:UCP6HGa63sBC7-KHtkme-p-g'})",2
0.0012091898428053204,"frozenset({'CH:UCVuFPbAjTi3mqpH-0veJRWg', 'CH:UCP6HGa63sBC7-KHtkme-p-g'})",2
0.0012091898428053204,"frozenset({'CH:UChDKyKQ59fYz3JO2fl0Z6sg', 'CH:UCP6HGa63sBC7-KHtkme-p-g'})",2
0.0012091898428053204,"frozenset({'CH:UCP6HGa63sBC7-KHtkme-p-g', 'CH:UCmYesELO6axBrCuSpf7S9DQ'})",2
0.0012091898428053204,"frozenset({'CH:UCoMdktPbSTixAyNGwb-UYkQ', 'CH:UCP6HGa63sBC7-KHtkme-p-g'})",2
0.0012091898428053204,"frozenset({'CH:UCrvhNP_lWuPIP6QZzJmM-bw', 'CH:UCP6HGa63sBC7-KHtkme-p-g'})",2
0.0012091898428053204,"frozenset({'CH:UCx3OuVURpwh-UYamOrw-b4A', 'CH:UCP6HGa63sBC7-KHtkme-p-g'})",2
0.0012091898428053204,"frozenset({'CH:UCeY0bbntWzzVIaj2z3QigXg', 'CH:UCPWXiRWZ29zrxPFIQT7eHSA'})",2
0.0012091898428053204,"frozenset({'CH:UCPgLNge0xqQHWM5B5EFH9Cg', 'CH:UCTvZcgH_rsvaGuZ8mU5jpnA'})",2
0.0012091898428053204,"frozenset({'CH:UCPgLNge0xqQHWM5B5EFH9Cg', 'CH:UCXIJgqnII2ZOINSWNOGFThA'})",2
0.0012091898428053204,"frozenset({'CH:UC_vFLohxs5PkAxlk7Y6jEtw', 'CH:UCPgLNge0xqQHWM5B5EFH9Cg'})",2
0.0012091898428053204,"frozenset({'CH:UCPgLNge0xqQHWM5B5EFH9Cg', 'CH:UChLtXXpo4Ge1ReTEboVvTDg'})",2
0.0012091898428053204,"frozenset({'CH:UCPgLNge0xqQHWM5B5EFH9Cg', 'CH:UCknLrEdhRCp1aegoMqRaCZg'})",2
0.0012091898428053204,"frozenset({'CH:UCrvhNP_lWuPIP6QZzJmM-bw', 'CH:UCPgLNge0xqQHWM5B5EFH9Cg'})",2
0.0012091898428053204,"frozenset({'CH:UCupvZG-5ko_eiXAupbDfxWw', 'CH:UCPgLNge0xqQHWM5B5EFH9Cg'})",2
0.0012091898428053204,"frozenset({'CH:UCxMXl9L79X1Mq_4iwCOyPFg', 'CH:UCPgLNge0xqQHWM5B5EFH9Cg'})",2
0.0012091898428053204,"frozenset({'CH:UCoMdktPbSTixAyNGwb-UYkQ', 'CH:UCQ7NR-yAwCUl5hclaRU0Q8Q'})",2
0.0012091898428053204,"frozenset({'CH:UCQ7NR-yAwCUl5hclaRU0Q8Q', 'DOM:youtu.be'})",2
0.0012091898428053204,"frozenset({'CH:UCQfwfsi5VrQ8yKZ-UWmAEFg', 'CH:UCXIJgqnII2ZOINSWNOGFThA'})",2
0.0012091898428053204,"frozenset({'CH:UCef1-8eOpJgud7szVPlZQAQ', 'CH:UCSOkex4abVl14cZ4tLyUYzw'})",2
0.0012091898428053204,"frozenset({'CH:UCoMdktPbSTixAyNGwb-UYkQ', 'CH:UCSOkex4abVl14cZ4tLyUYzw'})",2
0.0012091898428053204,"frozenset({'CH:UCSQ3jNVu8Zr_toI7NWzDwHw', 'CH:UCXIJgqnII2ZOINSWNOGFThA'})",2
0.0012091898428053204,"frozenset({'CH:UCSQ3jNVu8Zr_toI7NWzDwHw', 'CH:UCmYesELO6axBrCuSpf7S9DQ'})",2
0.0012091898428053204,"frozenset({'DOM:tanks.ly', 'CH:UCSQ3jNVu8Zr_toI7NWzDwHw'})",2
0.0012091898428053204,"frozenset({'CH:UCSQ3jNVu8Zr_toI7NWzDwHw', 'DOM:youtu.be'})",2
0.0012091898428053204,"frozenset({'CH:UCStCUMvCw067Nw5uSlbyDsw', 'CH:UC__2_0RJ8XnHt2angfw6S1Q'})",2
0.0012091898428053204,"frozenset({'CH:UCeY0bbntWzzVIaj2z3QigXg', 'CH:UCStCUMvCw067Nw5uSlbyDsw'})",2
0.0012091898428053204,"frozenset({'CH:UCStCUMvCw067Nw5uSlbyDsw', 'CH:UCoMdktPbSTixAyNGwb-UYkQ'})",2
0.0012091898428053204,"frozenset({'CH:UChDKyKQ59fYz3JO2fl0Z6sg', 'CH:UCT350j4u6alUKyF9eu2bGug'})",2
0.0012091898428053204,"frozenset({'CH:UCoMdktPbSTixAyNGwb-UYkQ', 'CH:UCT350j4u6alUKyF9eu2bGug'})",2
0.0012091898428053204,"frozenset({'CH:UCXIJgqnII2ZOINSWNOGFThA', 'CH:UCT6JZ5y-8twTYzwTJ2y5tEQ'})",2
0.0012091898428053204,"frozenset({'CH:UC_vFLohxs5PkAxlk7Y6jEtw', 'CH:UCTvZcgH_rsvaGuZ8mU5jpnA'})",2
0.0012091898428053204,"frozenset({'CH:UCVuFPbAjTi3mqpH-0veJRWg', 'CH:UCXIJgqnII2ZOINSWNOGFThA'})",2
0.0012091898428053204,"frozenset({'CH:UC_vFLohxs5PkAxlk7Y6jEtw', 'CH:UCVuFPbAjTi3mqpH-0veJRWg'})",2
0.0012091898428053204,"frozenset({'CH:UCeY0bbntWzzVIaj2z3QigXg', 'CH:UCVuFPbAjTi3mqpH-0veJRWg'})",2
0.0012091898428053204,"frozenset({'CH:UCef1-8eOpJgud7szVPlZQAQ', 'CH:UCVuFPbAjTi3mqpH-0veJRWg'})",2
0.0012091898428053204,"frozenset({'CH:UCupvZG-5ko_eiXAupbDfxWw', 'CH:UCVuFPbAjTi3mqpH-0veJRWg'})",2
0.0012091898428053204,"frozenset({'CH:UCw77677G3EAODp61b0izs7w', 'CH:UCVuFPbAjTi3mqpH-0veJRWg'})",2
0.0012091898428053204,"frozenset({'CH:UCwWhs_6x42TyRM4Wstoq8HA', 'CH:UCVuFPbAjTi3mqpH-0veJRWg'})",2
0.0012091898428053204,"frozenset({'CH:UC_vFLohxs5PkAxlk7Y6jEtw', 'CH:UCXIJgqnII2ZOINSWNOGFThA'})",2
0.0012091898428053204,"frozenset({'CH:UCaXkIU1QidjPwiAYu6GcHjg', 'CH:UCXIJgqnII2ZOINSWNOGFThA'})",2
0.0012091898428053204,"frozenset({'CH:UCef1-8eOpJgud7szVPlZQAQ', 'CH:UCXIJgqnII2ZOINSWNOGFThA'})",2
0.0012091898428053204,"frozenset({'CH:UCx3OuVURpwh-UYamOrw-b4A', 'CH:UCXIJgqnII2ZOINSWNOGFThA'})",2
0.0012091898428053204,"frozenset({'CH:UCx6h-dWzJ5NpAlja1YsApdg', 'CH:UCXIJgqnII2ZOINSWNOGFThA'})",2
0.0012091898428053204,"frozenset({'CH:UCYPvAwZP8pZhSMW8qs7cVCw', 'CH:UChirEOpgFCupRAk5etXqPaA'})",2
0.0012091898428053204,"frozenset({'CH:UChDKyKQ59fYz3JO2fl0Z6sg', 'CH:UC__2_0RJ8XnHt2angfw6S1Q'})",2
0.0012091898428053204,"frozenset({'CH:UCrvhNP_lWuPIP6QZzJmM-bw', 'CH:UC__2_0RJ8XnHt2angfw6S1Q'})",2
0.0012091898428053204,"frozenset({'CH:UCupvZG-5ko_eiXAupbDfxWw', 'CH:UC__2_0RJ8XnHt2angfw6S1Q'})",2
0.0012091898428053204,"frozenset({'CH:UC_vFLohxs5PkAxlk7Y6jEtw', 'CH:UCdtXPiqI2cLorKaPrfpKc4g'})",2
0.0012091898428053204,"frozenset({'CH:UC_vFLohxs5PkAxlk7Y6jEtw', 'CH:UChLtXXpo4Ge1ReTEboVvTDg'})",2
0.0012091898428053204,"frozenset({'CH:UC_vFLohxs5PkAxlk7Y6jEtw', 'CH:UCknLrEdhRCp1aegoMqRaCZg'})",2
0.0012091898428053204,"frozenset({'CH:UCrvhNP_lWuPIP6QZzJmM-bw', 'CH:UC_vFLohxs5PkAxlk7Y6jEtw'})",2
0.0012091898428053204,"frozenset({'CH:UCx6h-dWzJ5NpAlja1YsApdg', 'CH:UC_vFLohxs5PkAxlk7Y6jEtw'})",2
0.0012091898428053204,"frozenset({'CH:UCaXkIU1QidjPwiAYu6GcHjg', 'CH:UCef1-8eOpJgud7szVPlZQAQ'})",2
0.0012091898428053204,"frozenset({'CH:UChDKyKQ59fYz3JO2fl0Z6sg', 'CH:UCaXkIU1QidjPwiAYu6GcHjg'})",2
0.0012091898428053204,"frozenset({'CH:UCaXkIU1QidjPwiAYu6GcHjg', 'CH:UCknLrEdhRCp1aegoMqRaCZg'})",2
0.0012091898428053204,"frozenset({'CH:UCaXkIU1QidjPwiAYu6GcHjg', 'CH:UCrvhNP_lWuPIP6QZzJmM-bw'})",2
0.0012091898428053204,"frozenset({'CH:UCaXkIU1QidjPwiAYu6GcHjg', 'CH:UCwWhs_6x42TyRM4Wstoq8HA'})",2
0.0012091898428053204,"frozenset({'CH:UCvoiXGD8UhXXKzbI-tYo_Ig', 'CH:UCbJ-1yM55NHrR1GS9hhPuvg'})",2
0.0012091898428053204,"frozenset({'CH:UChDKyKQ59fYz3JO2fl0Z6sg', 'CH:UCdtXPiqI2cLorKaPrfpKc4g'})",2
0.0012091898428053204,"frozenset({'CH:UCoMdktPbSTixAyNGwb-UYkQ', 'CH:UCdtXPiqI2cLorKaPrfpKc4g'})",2
0.0012091898428053204,"frozenset({'CH:UCrvhNP_lWuPIP6QZzJmM-bw', 'CH:UCdtXPiqI2cLorKaPrfpKc4g'})",2
0.0012091898428053204,"frozenset({'CH:UCeY0bbntWzzVIaj2z3QigXg', 'CH:UCvoiXGD8UhXXKzbI-tYo_Ig'})",2
0.0012091898428053204,"frozenset({'CH:UCx6h-dWzJ5NpAlja1YsApdg', 'CH:UCeY0bbntWzzVIaj2z3QigXg'})",2
0.0012091898428053204,"frozenset({'CH:UCeY0bbntWzzVIaj2z3QigXg', 'CH:UCzJXNzqz6VMHSNInQt_7q6w'})",2
0.0012091898428053204,"frozenset({'CH:UCef1-8eOpJgud7szVPlZQAQ', 'CH:UCmYesELO6axBrCuSpf7S9DQ'})",2
0.0012091898428053204,"frozenset({'CH:UCef1-8eOpJgud7szVPlZQAQ', 'CH:UCupvZG-5ko_eiXAupbDfxWw'})",2
0.0012091898428053204,"frozenset({'CH:UCef1-8eOpJgud7szVPlZQAQ', 'CH:UCxMXl9L79X1Mq_4iwCOyPFg'})",2
0.0012091898428053204,"frozenset({'CH:UCzJXNzqz6VMHSNInQt_7q6w', 'CH:UCen72LOxB382GKTxLKwvgeg'})",2
0.0012091898428053204,"frozenset({'CH:UCupvZG-5ko_eiXAupbDfxWw', 'CH:UCfAOh2t5DpxVrgS9NQKjC7A'})",2
0.0012091898428053204,"frozenset({'DOM:bit.ly', 'CH:UCfAOh2t5DpxVrgS9NQKjC7A'})",2
0.0012091898428053204,"frozenset({'CH:UChDKyKQ59fYz3JO2fl0Z6sg', 'CH:UCw77677G3EAODp61b0izs7w'})",2
0.0012091898428053204,"frozenset({'CH:UCoMdktPbSTixAyNGwb-UYkQ', 'CH:UChLtXXpo4Ge1ReTEboVvTDg'})",2
0.0012091898428053204,"frozenset({'CH:UCuFFtHWoLl5fauMMD5Ww2jA', 'CH:UChLtXXpo4Ge1ReTEboVvTDg'})",2
0.0012091898428053204,"frozenset({'CH:UCx6h-dWzJ5NpAlja1YsApdg', 'CH:UChLtXXpo4Ge1ReTEboVvTDg'})",2
0.0012091898428053204,"frozenset({'CH:UCupvZG-5ko_eiXAupbDfxWw', 'CH:UChirEOpgFCupRAk5etXqPaA'})",2
0.0012091898428053204,"frozenset({'CH:UCsufaClk5if2RGqABb-09Uw', 'CH:UCknLrEdhRCp1aegoMqRaCZg'})",2
0.0012091898428053204,"frozenset({'CH:UCupvZG-5ko_eiXAupbDfxWw', 'CH:UCknLrEdhRCp1aegoMqRaCZg'})",2
0.0012091898428053204,"frozenset({'CH:UCxMXl9L79X1Mq_4iwCOyPFg', 'CH:UCknLrEdhRCp1aegoMqRaCZg'})",2
0.0012091898428053204,"frozenset({'CH:UCwWhs_6x42TyRM4Wstoq8HA', 'CH:UCmYesELO6axBrCuSpf7S9DQ'})",2
0.0012091898428053204,"frozenset({'DOM:youtu.be', 'CH:UCmYesELO6axBrCuSpf7S9DQ'})",2
0.0012091898428053204,"frozenset({'CH:UCrvhNP_lWuPIP6QZzJmM-bw', 'CH:UCoMdktPbSTixAyNGwb-UYkQ'})",2
0.0012091898428053204,"frozenset({'CH:UCsufaClk5if2RGqABb-09Uw', 'CH:UCoMdktPbSTixAyNGwb-UYkQ'})",2
0.0012091898428053204,"frozenset({'CH:UCoMdktPbSTixAyNGwb-UYkQ', 'CH:UCuFFtHWoLl5fauMMD5Ww2jA'})",2
0.0012091898428053204,"frozenset({'CH:UCoMdktPbSTixAyNGwb-UYkQ', 'CH:UCwWhs_6x42TyRM4Wstoq8HA'})",2
0.0012091898428053204,"frozenset({'CH:UCx6h-dWzJ5NpAlja1YsApdg', 'CH:UCoMdktPbSTixAyNGwb-UYkQ'})",2
0.0012091898428053204,"frozenset({'CH:UCoMdktPbSTixAyNGwb-UYkQ', 'CH:UCxMXl9L79X1Mq_4iwCOyPFg'})",2
0.0012091898428053204,"frozenset({'CH:UCoMdktPbSTixAyNGwb-UYkQ', 'DOM:www.youtube.com'})",2
0.0012091898428053204,"frozenset({'CH:UCoMdktPbSTixAyNGwb-UYkQ', 'DOM:youtu.be'})",2
0.0012091898428053204,"frozenset({'CH:UCqMdEOPBZbGPykVOhUqWqfA', 'CH:UCvoiXGD8UhXXKzbI-tYo_Ig'})",2
0.0012091898428053204,"frozenset({'CH:UCsufaClk5if2RGqABb-09Uw', 'DOM:nordvpn.com'})",2
0.0012091898428053204,"frozenset({'CH:UCsufaClk5if2RGqABb-09Uw', 'DOM:saily.com'})",2
0.0012091898428053204,"frozenset({'CH:UCsufaClk5if2RGqABb-09Uw', 'DOM:www.youtube.com'})",2
0.0012091898428053204,"frozenset({'CH:UCsufaClk5if2RGqABb-09Uw', 'DOM:youtu.be'})",2
0.0012091898428053204,"frozenset({'CH:UCx6h-dWzJ5NpAlja1YsApdg', 'CH:UCupvZG-5ko_eiXAupbDfxWw'})",2
0.0012091898428053204,"frozenset({'CH:UCupvZG-5ko_eiXAupbDfxWw', 'CH:UCxMXl9L79X1Mq_4iwCOyPFg'})",2
0.0012091898428053204,"frozenset({'CH:UCzJXNzqz6VMHSNInQt_7q6w', 'CH:UCupvZG-5ko_eiXAupbDfxWw'})",2
0.0012091898428053204,"frozenset({'CH:UCvoiXGD8UhXXKzbI-tYo_Ig', 'DOM:youtu.be'})",2
0.0012091898428053204,"frozenset({'CH:UCwWhs_6x42TyRM4Wstoq8HA', 'DOM:www.youtube.com'})",2
0.0012091898428053204,"frozenset({'CH:UCx3OuVURpwh-UYamOrw-b4A', 'DOM:www.youtube.com'})",2
0.0012091898428053204,"frozenset({'DOM:saily.com', 'DOM:nordvpn.com'})",2
0.2478839177750907,frozenset({'CH:UCeY0bbntWzzVIaj2z3QigXg'}),1
0.18863361547763,frozenset({'CH:UC16niRr50-MSBwiO3YDb3RA'}),1
0.1608222490931076,frozenset({'CH:UCoMdktPbSTixAyNGwb-UYkQ'}),1
0.14993954050785974,frozenset({'CH:UCupvZG-5ko_eiXAupbDfxWw'}),1
0.14389359129383314,frozenset({'CH:UCBi2mrWuNuyYy4gbM6fU18Q'}),1
0.1354292623941959,frozenset({'CH:UCCjG8NtOig0USdrT5D1FpxQ'}),1
0.12212817412333736,frozenset({'CH:UCIRYBXDze5krPDzAEOxFGVA'}),1
0.06771463119709795,frozenset({'CH:UC52X5wxOL_s5yw0dQk7NtgA'}),1
0.05441354292623942,frozenset({'CH:UCknLrEdhRCp1aegoMqRaCZg'}),1
0.04836759371221282,frozenset({'CH:UCO0akufu9MOzyz3nvGIXAAw'}),1
0.0471584038694075,frozenset({'CH:UCXIJgqnII2ZOINSWNOGFThA'}),1
0.044740024183796856,frozenset({'CH:UCaXkIU1QidjPwiAYu6GcHjg'}),1
0.03869407496977025,frozenset({'CH:UCPgLNge0xqQHWM5B5EFH9Cg'}),1
0.037484885126964934,frozenset({'CH:UCwWhs_6x42TyRM4Wstoq8HA'}),1
0.032648125755743655,frozenset({'CH:UCP6HGa63sBC7-KHtkme-p-g'}),1
0.030229746070133012,frozenset({'DOM:youtu.be'}),1
0.02902055622732769,frozenset({'CH:UCH1oRy1dINbMVp3UFWrKP0w'}),1
0.02902055622732769,frozenset({'CH:UCrvhNP_lWuPIP6QZzJmM-bw'}),1
0.026602176541717048,frozenset({'CH:UCCXoCcu9Rp7NPbTzIvogpZg'}),1
0.026602176541717048,frozenset({'CH:UChDKyKQ59fYz3JO2fl0Z6sg'}),1
0.022974607013301087,frozenset({'CH:UCIjSUWHWp6KohfnR5OQTXnQ'}),1
0.02176541717049577,frozenset({'CH:UC_vFLohxs5PkAxlk7Y6jEtw'}),1
0.019347037484885126,frozenset({'CH:UCME81PohuzT1JMCsEtvsD2w'}),1
0.019347037484885126,frozenset({'CH:UCStCUMvCw067Nw5uSlbyDsw'}),1
0.019347037484885126,frozenset({'CH:UCVuFPbAjTi3mqpH-0veJRWg'}),1
0.019347037484885126,frozenset({'CH:UCdtXPiqI2cLorKaPrfpKc4g'}),1
0.019347037484885126,frozenset({'CH:UCef1-8eOpJgud7szVPlZQAQ'}),1
0.018137847642079808,frozenset({'CH:UCK7tptUDHh-RYDsdxO1-5QQ'}),1
0.018137847642079808,frozenset({'DOM:www.youtube.com'}),1
0.016928657799274487,frozenset({'CH:UC5T7D-Dh1eDGtsAFCuwv_Sw'}),1
0.015719467956469165,frozenset({'CH:UC2x_qNZXKDxNP1j4jvHATRQ'}),1
0.015719467956469165,frozenset({'CH:UC__2_0RJ8XnHt2angfw6S1Q'}),1
0.015719467956469165,frozenset({'CH:UCx3OuVURpwh-UYamOrw-b4A'}),1
0.013301088270858524,frozenset({'CH:UC72nbKQLSDyiSARhg0Ywj4w'}),1
0.013301088270858524,frozenset({'CH:UCMwJJL5FJFuTRT55ksbQ4GQ'}),1
0.013301088270858524,frozenset({'CH:UCxMXl9L79X1Mq_4iwCOyPFg'}),1
0.012091898428053204,frozenset({'CH:UCuFFtHWoLl5fauMMD5Ww2jA'}),1
0.010882708585247884,frozenset({'CH:UCJy232tY_LUd1NuBgsSNUEA'}),1
0.010882708585247884,frozenset({'CH:UCT350j4u6alUKyF9eu2bGug'}),1
0.009673518742442563,frozenset({'CH:UCsufaClk5if2RGqABb-09Uw'}),1
0.009673518742442563,frozenset({'CH:UCvoiXGD8UhXXKzbI-tYo_Ig'}),1
0.009673518742442563,frozenset({'DOM:youtube.com'}),1
0.008464328899637243,frozenset({'CH:UCHd62-u_v4DvJ8TCFtpi4GA'}),1
0.008464328899637243,frozenset({'CH:UCmYesELO6axBrCuSpf7S9DQ'}),1
0.007255139056831923,frozenset({'CH:UC9k-yiEpRHMNVOnOi_aQK8w'}),1
0.007255139056831923,frozenset({'CH:UCHfF8wFnipMeDpJf8OmMxDg'}),1
0.007255139056831923,frozenset({'CH:UCzJXNzqz6VMHSNInQt_7q6w'}),1
0.006045949214026602,frozenset({'CH:UCCj956IF62FbT7Gouszaj9w'}),1
0.006045949214026602,frozenset({'CH:UCSQ3jNVu8Zr_toI7NWzDwHw'}),1
0.006045949214026602,frozenset({'CH:UCx6h-dWzJ5NpAlja1YsApdg'}),1
0.0048367593712212815,frozenset({'CH:UCNye-wNBqNL5ZzHSJj3l8Bg'}),1
0.0048367593712212815,frozenset({'CH:UCQfwfsi5VrQ8yKZ-UWmAEFg'}),1
0.0048367593712212815,frozenset({'CH:UChLtXXpo4Ge1ReTEboVvTDg'}),1
0.0048367593712212815,frozenset({'CH:UCw77677G3EAODp61b0izs7w'}),1
0.0036275695284159614,frozenset({'CH:UC415bOPUcGSamy543abLmRA'}),1
0.0036275695284159614,frozenset({'CH:UCSOkex4abVl14cZ4tLyUYzw'}),1
0.0036275695284159614,frozenset({'CH:UCT6JZ5y-8twTYzwTJ2y5tEQ'}),1
0.0036275695284159614,frozenset({'CH:UChirEOpgFCupRAk5etXqPaA'}),1
0.0024183796856106408,frozenset({'CH:UC8p1vwvWtl6T73JiExfWs1g'}),1
0.0024183796856106408,frozenset({'CH:UCF4QKhPMP1JybbkIJzIayww'}),1
0.0024183796856106408,frozenset({'CH:UCPWXiRWZ29zrxPFIQT7eHSA'}),1
0.0024183796856106408,frozenset({'CH:UCQ7NR-yAwCUl5hclaRU0Q8Q'}),1
0.0024183796856106408,frozenset({'CH:UCTvZcgH_rsvaGuZ8mU5jpnA'}),1
0.0024183796856106408,frozenset({'CH:UCZ8Sxmkweh65HetaZfR8YuA'}),1
0.0024183796856106408,frozenset({'CH:UCZFMm1mMw0F81Z37aaEzTUA'}),1
0.0024183796856106408,frozenset({'CH:UCfAOh2t5DpxVrgS9NQKjC7A'}),1
0.0024183796856106408,frozenset({'CH:UCjq9ElqnV7Df6NLb4oDHKqQ'}),1
0.0012091898428053204,frozenset({'CH:UC3XTzVzaHQEd30rQbuvCtTQ'}),1
0.0012091898428053204,frozenset({'CH:UC72UssJ1DNQcakZXm-B2-zw'}),1
0.0012091898428053204,frozenset({'CH:UC83jt4dlz1Gjl58fzQrrKZg'}),1
0.0012091898428053204,frozenset({'CH:UCEyqrfHvDzwfSPn63vXl13Q'}),1
0.0012091898428053204,frozenset({'CH:UCGI6OvfNlS8bKINKrCebvMQ'}),1
0.0012091898428053204,frozenset({'CH:UCMscWako8oDvpdF4pppku-g'}),1
0.0012091898428053204,frozenset({'CH:UCNZyLULUQBp5e9Q1cKtvk6Q'}),1
0.0012091898428053204,frozenset({'CH:UCTbhS5-KTEKzBh-eqeU5vAw'}),1
0.0012091898428053204,frozenset({'CH:UCYPvAwZP8pZhSMW8qs7cVCw'}),1
0.0012091898428053204,frozenset({'CH:UCbJ-1yM55NHrR1GS9hhPuvg'}),1
0.0012091898428053204,frozenset({'CH:UCen72LOxB382GKTxLKwvgeg'}),1
0.0012091898428053204,frozenset({'CH:UCjXB7nX8bL2U2sje8d212Yw'}),1
0.0012091898428053204,frozenset({'CH:UCqMdEOPBZbGPykVOhUqWqfA'}),1
0.0012091898428053204,frozenset({'CH:UCxqDR-kvbhyjK9ZPPtYxevA'}),1
0.0012091898428053204,frozenset({'DOM:bit.ly'}),1
0.0012091898428053204,frozenset({'DOM:imaginarygun.wordpress.com'}),1
0.0012091898428053204,frozenset({'DOM:nordvpn.com'}),1
0.0012091898428053204,frozenset({'DOM:on.wsj.com'}),1
0.0012091898428053204,frozenset({'DOM:saily.com'}),1
0.0012091898428053204,frozenset({'DOM:tanks.ly'}),1
0.0012091898428053204,frozenset({'DOM:uucga.com'}),1
0.0012091898428053204,frozenset({'DOM:www.theguardian.com'}),1
